sensor_id,packet_id,data,microstamp,device_microstamp
55,2,3.63,1414276069335066,1414276069335066
56,2,43.3,1414276070099168,1414276070099168
55,2,12.21,1414276074338101,1414276074338101
56,2,43.4,1414276075094912,1414276075094912
55,2,12.87,1414276079333531,1414276079333531
56,2,43.3,1414276080110667,1414276080110667
55,2,13.695,1414276084412125,1414276084412125
56,2,43.7,1414276085094882,1414276085094882
55,2,19.305,1414276089420769,1414276089420769
56,2,43.3,1414276090099484,1414276090099484
54,2,6,1414276094314256,1414276094314256
54,2,0,1414276094314673,1414276094314673
54,2,2,1414276094315090,1414276094315090
54,2,-2,1414276094315506,1414276094315506
54,2,0,1414276094315923,1414276094315923
54,2,2,1414276094316340,1414276094316340
54,2,-2,1414276094316756,1414276094316756
54,2,4,1414276094317173,1414276094317173
54,2,2,1414276094317590,1414276094317590
54,2,3,1414276094318007,1414276094318007
54,2,-4,1414276094318424,1414276094318424
54,2,-2,1414276094318840,1414276094318840
54,2,2,1414276094319257,1414276094319257
54,2,25,1414276094319674,1414276094319674
54,2,41,1414276094320090,1414276094320090
54,2,38,1414276094320507,1414276094320507
54,2,30,1414276094320924,1414276094320924
54,2,3,1414276094321341,1414276094321341
54,2,0,1414276094321758,1414276094321758
54,2,6,1414276094322174,1414276094322174
54,2,-2,1414276094322591,1414276094322591
54,2,-5,1414276094323008,1414276094323008
54,2,0,1414276094323424,1414276094323424
54,2,-5,1414276094323841,1414276094323841
54,2,0,1414276094324258,1414276094324258
54,2,3,1414276094324675,1414276094324675
54,2,-1,1414276094325092,1414276094325092
54,2,2,1414276094325508,1414276094325508
54,2,2,1414276094325925,1414276094325925
54,2,1,1414276094326342,1414276094326342
54,2,1,1414276094326758,1414276094326758
54,2,5,1414276094327175,1414276094327175
54,2,4,1414276094327592,1414276094327592
54,2,-18,1414276094328009,1414276094328009
54,2,-35,1414276094328426,1414276094328426
54,2,-40,1414276094328842,1414276094328842
54,2,-26,1414276094329259,1414276094329259
54,2,3,1414276094329676,1414276094329676
54,2,2,1414276094330092,1414276094330092
54,2,2,1414276094330509,1414276094330509
54,2,-2,1414276094330926,1414276094330926
54,2,-1,1414276094331343,1414276094331343
54,2,6,1414276094331760,1414276094331760
54,2,3,1414276094332176,1414276094332176
54,2,-2,1414276094332593,1414276094332593
54,2,1,1414276094333010,1414276094333010
54,2,2,1414276094333426,1414276094333426
54,2,0,1414276094333843,1414276094333843
54,2,2,1414276094334260,1414276094334260
54,2,-2,1414276094334677,1414276094334677
54,2,0,1414276094335094,1414276094335094
54,2,2,1414276094335510,1414276094335510
54,2,-2,1414276094335927,1414276094335927
54,2,22,1414276094336344,1414276094336344
54,2,29,1414276094336760,1414276094336760
54,2,30,1414276094337177,1414276094337177
54,2,34,1414276094337594,1414276094337594
54,2,-5,1414276094338011,1414276094338011
54,2,5,1414276094338428,1414276094338428
54,2,2,1414276094338844,1414276094338844
54,2,10,1414276094339261,1414276094339261
54,2,-7,1414276094339678,1414276094339678
54,2,-7,1414276094340094,1414276094340094
54,2,-2,1414276094340511,1414276094340511
54,2,-2,1414276094340928,1414276094340928
54,2,-2,1414276094341345,1414276094341345
54,2,6,1414276094341762,1414276094341762
54,2,2,1414276094342178,1414276094342178
54,2,0,1414276094342595,1414276094342595
54,2,1,1414276094343012,1414276094343012
54,2,3,1414276094343428,1414276094343428
54,2,3,1414276094343845,1414276094343845
54,2,3,1414276094344262,1414276094344262
54,2,-18,1414276094344679,1414276094344679
54,2,-31,1414276094345096,1414276094345096
54,2,-36,1414276094345512,1414276094345512
54,2,-21,1414276094345929,1414276094345929
54,2,6,1414276094346346,1414276094346346
54,2,1,1414276094346762,1414276094346762
54,2,-1,1414276094347179,1414276094347179
54,2,2,1414276094347596,1414276094347596
54,2,6,1414276094348013,1414276094348013
54,2,4,1414276094348430,1414276094348430
54,2,2,1414276094348846,1414276094348846
54,2,3,1414276094349263,1414276094349263
54,2,2,1414276094349680,1414276094349680
54,2,1,1414276094350096,1414276094350096
54,2,-3,1414276094350513,1414276094350513
54,2,4,1414276094350930,1414276094350930
54,2,2,1414276094351347,1414276094351347
54,2,3,1414276094351764,1414276094351764
54,2,7,1414276094352180,1414276094352180
54,2,0,1414276094352597,1414276094352597
54,2,22,1414276094353014,1414276094353014
54,2,32,1414276094353430,1414276094353430
54,2,33,1414276094353847,1414276094353847
54,2,29,1414276094354264,1414276094354264
54,2,6,1414276094354681,1414276094354681
54,2,-1,1414276094355098,1414276094355098
54,2,-1,1414276094355514,1414276094355514
54,2,3,1414276094355931,1414276094355931
54,2,5,1414276094356348,1414276094356348
54,2,-4,1414276094356764,1414276094356764
54,2,6,1414276094357181,1414276094357181
54,2,-1,1414276094357598,1414276094357598
54,2,-2,1414276094358015,1414276094358015
54,2,5,1414276094358432,1414276094358432
54,2,0,1414276094358848,1414276094358848
54,2,1,1414276094359265,1414276094359265
54,2,-2,1414276094359682,1414276094359682
54,2,4,1414276094360098,1414276094360098
54,2,-1,1414276094360515,1414276094360515
54,2,2,1414276094360932,1414276094360932
54,2,-21,1414276094361349,1414276094361349
54,2,-33,1414276094361766,1414276094361766
54,2,-30,1414276094362182,1414276094362182
54,2,-25,1414276094362599,1414276094362599
54,2,-5,1414276094363016,1414276094363016
54,2,-1,1414276094363432,1414276094363432
54,2,8,1414276094363849,1414276094363849
54,2,-5,1414276094364266,1414276094364266
54,2,-2,1414276094364683,1414276094364683
54,2,2,1414276094365100,1414276094365100
54,2,3,1414276094365516,1414276094365516
54,2,0,1414276094365933,1414276094365933
54,2,-9,1414276094366350,1414276094366350
54,2,-1,1414276094366766,1414276094366766
54,2,2,1414276094367183,1414276094367183
54,2,-1,1414276094367600,1414276094367600
54,2,3,1414276094368017,1414276094368017
54,2,2,1414276094368434,1414276094368434
54,2,-1,1414276094368850,1414276094368850
54,2,11,1414276094369267,1414276094369267
54,2,24,1414276094369684,1414276094369684
54,2,35,1414276094370100,1414276094370100
54,2,34,1414276094370517,1414276094370517
54,2,23,1414276094370934,1414276094370934
54,2,2,1414276094371351,1414276094371351
54,2,6,1414276094371768,1414276094371768
54,2,2,1414276094372184,1414276094372184
54,2,2,1414276094372601,1414276094372601
54,2,-3,1414276094373018,1414276094373018
54,2,-3,1414276094373434,1414276094373434
54,2,-3,1414276094373851,1414276094373851
54,2,2,1414276094374268,1414276094374268
54,2,-1,1414276094374685,1414276094374685
54,2,-2,1414276094375102,1414276094375102
54,2,3,1414276094375518,1414276094375518
54,2,-5,1414276094375935,1414276094375935
54,2,2,1414276094376352,1414276094376352
54,2,-1,1414276094376768,1414276094376768
54,2,6,1414276094377185,1414276094377185
54,2,8,1414276094377602,1414276094377602
54,2,-18,1414276094378019,1414276094378019
54,2,-34,1414276094378436,1414276094378436
54,2,-38,1414276094378852,1414276094378852
54,2,-28,1414276094379269,1414276094379269
54,2,-6,1414276094379686,1414276094379686
54,2,0,1414276094380102,1414276094380102
54,2,6,1414276094380519,1414276094380519
54,2,6,1414276094380936,1414276094380936
54,2,1,1414276094381353,1414276094381353
54,2,3,1414276094381770,1414276094381770
54,2,-1,1414276094382186,1414276094382186
54,2,1,1414276094382603,1414276094382603
54,2,-1,1414276094383020,1414276094383020
54,2,1,1414276094383436,1414276094383436
54,2,0,1414276094383853,1414276094383853
54,2,6,1414276094384270,1414276094384270
54,2,2,1414276094384687,1414276094384687
54,2,2,1414276094385104,1414276094385104
54,2,0,1414276094385520,1414276094385520
54,2,3,1414276094385937,1414276094385937
54,2,23,1414276094386354,1414276094386354
54,2,34,1414276094386770,1414276094386770
54,2,32,1414276094387187,1414276094387187
54,2,24,1414276094387604,1414276094387604
54,2,-1,1414276094388021,1414276094388021
54,2,2,1414276094388438,1414276094388438
54,2,2,1414276094388854,1414276094388854
54,2,-2,1414276094389271,1414276094389271
54,2,-7,1414276094389688,1414276094389688
54,2,0,1414276094390104,1414276094390104
54,2,1,1414276094390521,1414276094390521
54,2,-1,1414276094390938,1414276094390938
54,2,3,1414276094391355,1414276094391355
54,2,3,1414276094391772,1414276094391772
54,2,-6,1414276094392188,1414276094392188
54,2,3,1414276094392605,1414276094392605
54,2,8,1414276094393022,1414276094393022
54,2,4,1414276094393438,1414276094393438
54,2,-8,1414276094393855,1414276094393855
54,2,2,1414276094394272,1414276094394272
54,2,-30,1414276094394689,1414276094394689
54,2,-41,1414276094395106,1414276094395106
54,2,-31,1414276094395522,1414276094395522
54,2,-19,1414276094395939,1414276094395939
54,2,7,1414276094396356,1414276094396356
54,2,3,1414276094396772,1414276094396772
54,2,6,1414276094397189,1414276094397189
54,2,3,1414276094648656,1414276094648656
54,2,6,1414276094649073,1414276094649073
54,2,2,1414276094649490,1414276094649490
54,2,9,1414276094649906,1414276094649906
54,2,3,1414276094650323,1414276094650323
54,2,3,1414276094650740,1414276094650740
54,2,-2,1414276094651156,1414276094651156
54,2,6,1414276094651573,1414276094651573
54,2,2,1414276094651990,1414276094651990
54,2,-2,1414276094652407,1414276094652407
54,2,2,1414276094652824,1414276094652824
54,2,2,1414276094653240,1414276094653240
54,2,4,1414276094653657,1414276094653657
54,2,33,1414276094654074,1414276094654074
54,2,27,1414276094654490,1414276094654490
54,2,43,1414276094654907,1414276094654907
54,2,29,1414276094655324,1414276094655324
54,2,1,1414276094655741,1414276094655741
54,2,-4,1414276094656158,1414276094656158
54,2,3,1414276094656574,1414276094656574
54,2,-5,1414276094656991,1414276094656991
54,2,11,1414276094657408,1414276094657408
54,2,3,1414276094657824,1414276094657824
54,2,-4,1414276094658241,1414276094658241
54,2,2,1414276094658658,1414276094658658
54,2,0,1414276094659075,1414276094659075
54,2,-6,1414276094659492,1414276094659492
54,2,-4,1414276094659908,1414276094659908
54,2,3,1414276094660325,1414276094660325
54,2,-2,1414276094660742,1414276094660742
54,2,-1,1414276094661158,1414276094661158
54,2,-2,1414276094661575,1414276094661575
54,2,4,1414276094661992,1414276094661992
54,2,-25,1414276094662409,1414276094662409
54,2,-39,1414276094662826,1414276094662826
54,2,-41,1414276094663242,1414276094663242
54,2,-22,1414276094663659,1414276094663659
54,2,6,1414276094664076,1414276094664076
54,2,6,1414276094664492,1414276094664492
54,2,3,1414276094664909,1414276094664909
54,2,-2,1414276094665326,1414276094665326
54,2,7,1414276094665743,1414276094665743
54,2,0,1414276094666160,1414276094666160
54,2,2,1414276094666576,1414276094666576
54,2,6,1414276094666993,1414276094666993
54,2,-1,1414276094667410,1414276094667410
54,2,6,1414276094667826,1414276094667826
54,2,-2,1414276094668243,1414276094668243
54,2,4,1414276094668660,1414276094668660
54,2,2,1414276094669077,1414276094669077
54,2,-3,1414276094669494,1414276094669494
54,2,-3,1414276094669910,1414276094669910
54,2,5,1414276094670327,1414276094670327
54,2,33,1414276094670744,1414276094670744
54,2,38,1414276094671160,1414276094671160
54,2,39,1414276094671577,1414276094671577
54,2,31,1414276094671994,1414276094671994
54,2,2,1414276094672411,1414276094672411
54,2,-1,1414276094672828,1414276094672828
54,2,-4,1414276094673244,1414276094673244
54,2,-2,1414276094673661,1414276094673661
54,2,5,1414276094674078,1414276094674078
54,2,-1,1414276094674494,1414276094674494
54,2,-2,1414276094674911,1414276094674911
54,2,-2,1414276094675328,1414276094675328
54,2,-2,1414276094675745,1414276094675745
54,2,-3,1414276094676162,1414276094676162
54,2,-2,1414276094676578,1414276094676578
54,2,2,1414276094676995,1414276094676995
54,2,-1,1414276094677412,1414276094677412
54,2,0,1414276094677828,1414276094677828
54,2,-1,1414276094678245,1414276094678245
54,2,-1,1414276094678662,1414276094678662
54,2,-25,1414276094679079,1414276094679079
54,2,-33,1414276094679496,1414276094679496
54,2,-34,1414276094679912,1414276094679912
54,2,-25,1414276094680329,1414276094680329
54,2,-1,1414276094680746,1414276094680746
54,2,5,1414276094681162,1414276094681162
54,2,2,1414276094681579,1414276094681579
54,2,5,1414276094681996,1414276094681996
54,2,4,1414276094682413,1414276094682413
54,2,1,1414276094682830,1414276094682830
54,2,-1,1414276094683246,1414276094683246
54,2,-4,1414276094683663,1414276094683663
54,2,2,1414276094684080,1414276094684080
54,2,2,1414276094684496,1414276094684496
54,2,6,1414276094684913,1414276094684913
54,2,-1,1414276094685330,1414276094685330
54,2,7,1414276094685747,1414276094685747
54,2,6,1414276094686164,1414276094686164
54,2,1,1414276094686580,1414276094686580
54,2,-5,1414276094686997,1414276094686997
54,2,30,1414276094687414,1414276094687414
54,2,35,1414276094687830,1414276094687830
54,2,39,1414276094688247,1414276094688247
54,2,23,1414276094688664,1414276094688664
54,2,1,1414276094689081,1414276094689081
54,2,4,1414276094689498,1414276094689498
54,2,-1,1414276094689914,1414276094689914
54,2,-6,1414276094690331,1414276094690331
54,2,-2,1414276094690748,1414276094690748
54,2,2,1414276094691164,1414276094691164
54,2,5,1414276094691581,1414276094691581
54,2,-1,1414276094691998,1414276094691998
54,2,-3,1414276094692415,1414276094692415
54,2,5,1414276094692832,1414276094692832
54,2,-6,1414276094693248,1414276094693248
54,2,7,1414276094693665,1414276094693665
54,2,-2,1414276094694082,1414276094694082
54,2,2,1414276094694498,1414276094694498
54,2,2,1414276094694915,1414276094694915
54,2,-6,1414276094695332,1414276094695332
54,2,-18,1414276094695749,1414276094695749
54,2,-27,1414276094696166,1414276094696166
54,2,-39,1414276094696582,1414276094696582
54,2,-22,1414276094696999,1414276094696999
54,2,3,1414276094697416,1414276094697416
54,2,6,1414276094697832,1414276094697832
54,2,6,1414276094698249,1414276094698249
54,2,-2,1414276094698666,1414276094698666
54,2,6,1414276094699083,1414276094699083
54,2,-6,1414276094699500,1414276094699500
54,2,6,1414276094699916,1414276094699916
54,2,0,1414276094700333,1414276094700333
54,2,1,1414276094700750,1414276094700750
54,2,0,1414276094701166,1414276094701166
54,2,1,1414276094701583,1414276094701583
54,2,1,1414276094702000,1414276094702000
54,2,6,1414276094702417,1414276094702417
54,2,6,1414276094702834,1414276094702834
54,2,0,1414276094703250,1414276094703250
54,2,4,1414276094703667,1414276094703667
54,2,24,1414276094704084,1414276094704084
54,2,36,1414276094704500,1414276094704500
54,2,43,1414276094704917,1414276094704917
54,2,22,1414276094705334,1414276094705334
54,2,-2,1414276094705751,1414276094705751
54,2,-2,1414276094706168,1414276094706168
54,2,1,1414276094706584,1414276094706584
54,2,-4,1414276094707001,1414276094707001
54,2,-1,1414276094707418,1414276094707418
54,2,1,1414276094707834,1414276094707834
54,2,0,1414276094708251,1414276094708251
54,2,-5,1414276094708668,1414276094708668
54,2,-2,1414276094709085,1414276094709085
54,2,-1,1414276094709502,1414276094709502
54,2,-6,1414276094709918,1414276094709918
54,2,2,1414276094710335,1414276094710335
54,2,0,1414276094710752,1414276094710752
54,2,-2,1414276094711168,1414276094711168
54,2,-7,1414276094711585,1414276094711585
54,2,-1,1414276094712002,1414276094712002
54,2,-9,1414276094712419,1414276094712419
54,2,-29,1414276094712836,1414276094712836
54,2,-34,1414276094713252,1414276094713252
54,2,-32,1414276094713669,1414276094713669
54,2,-15,1414276094714086,1414276094714086
54,2,6,1414276094714502,1414276094714502
54,2,2,1414276094714919,1414276094714919
54,2,-2,1414276094715336,1414276094715336
54,2,2,1414276094715753,1414276094715753
54,2,-1,1414276094716170,1414276094716170
54,2,7,1414276094716586,1414276094716586
54,2,0,1414276094717003,1414276094717003
54,2,1,1414276094717420,1414276094717420
54,2,5,1414276094717836,1414276094717836
54,2,4,1414276094718253,1414276094718253
54,2,-1,1414276094718670,1414276094718670
54,2,-2,1414276094719087,1414276094719087
54,2,2,1414276094719504,1414276094719504
54,2,6,1414276094719920,1414276094719920
54,2,-6,1414276094720337,1414276094720337
54,2,-2,1414276094720754,1414276094720754
54,2,28,1414276094721170,1414276094721170
54,2,35,1414276094721587,1414276094721587
54,2,36,1414276094722004,1414276094722004
54,2,30,1414276094722421,1414276094722421
54,2,-4,1414276094722838,1414276094722838
54,2,-7,1414276094723254,1414276094723254
54,2,-4,1414276094723671,1414276094723671
54,2,-5,1414276094724088,1414276094724088
54,2,1,1414276094724504,1414276094724504
54,2,-1,1414276094724921,1414276094724921
54,2,3,1414276094725338,1414276094725338
54,2,6,1414276094725755,1414276094725755
54,2,-4,1414276094726172,1414276094726172
54,2,3,1414276094726588,1414276094726588
54,2,2,1414276094727005,1414276094727005
54,2,0,1414276094727422,1414276094727422
54,2,2,1414276094727838,1414276094727838
54,2,-4,1414276094728255,1414276094728255
54,2,-1,1414276094728672,1414276094728672
54,2,2,1414276094729089,1414276094729089
54,2,-16,1414276094729506,1414276094729506
54,2,-30,1414276094729922,1414276094729922
54,2,-34,1414276094730339,1414276094730339
54,2,-22,1414276094730756,1414276094730756
54,2,-10,1414276094731172,1414276094731172
54,2,2,1414276094731589,1414276094731589
54,2,-4,1414276094840898,1414276094840898
54,2,7,1414276094841315,1414276094841315
54,2,3,1414276094841732,1414276094841732
54,2,4,1414276094842148,1414276094842148
54,2,3,1414276094842565,1414276094842565
54,2,3,1414276094842982,1414276094842982
54,2,4,1414276094843398,1414276094843398
54,2,-1,1414276094843815,1414276094843815
54,2,0,1414276094844232,1414276094844232
54,2,-1,1414276094844649,1414276094844649
54,2,0,1414276094845066,1414276094845066
54,2,-1,1414276094845482,1414276094845482
54,2,2,1414276094845899,1414276094845899
54,2,4,1414276094846316,1414276094846316
54,2,11,1414276094846732,1414276094846732
54,2,28,1414276094847149,1414276094847149
54,2,35,1414276094847566,1414276094847566
54,2,32,1414276094847983,1414276094847983
54,2,12,1414276094848400,1414276094848400
54,2,3,1414276094848816,1414276094848816
54,2,-2,1414276094849233,1414276094849233
54,2,0,1414276094849650,1414276094849650
54,2,6,1414276094850066,1414276094850066
54,2,3,1414276094850483,1414276094850483
54,2,3,1414276094850900,1414276094850900
54,2,-1,1414276094851317,1414276094851317
54,2,8,1414276094851734,1414276094851734
54,2,2,1414276094852150,1414276094852150
54,2,-1,1414276094852567,1414276094852567
54,2,-4,1414276094852984,1414276094852984
54,2,4,1414276094853400,1414276094853400
54,2,4,1414276094853817,1414276094853817
54,2,3,1414276094854234,1414276094854234
54,2,-3,1414276094854651,1414276094854651
54,2,-26,1414276094855068,1414276094855068
54,2,-32,1414276094855484,1414276094855484
54,2,-39,1414276094855901,1414276094855901
54,2,-24,1414276094856318,1414276094856318
54,2,-1,1414276094856734,1414276094856734
54,2,6,1414276094857151,1414276094857151
54,2,3,1414276094857568,1414276094857568
54,2,3,1414276094857985,1414276094857985
54,2,-1,1414276094858402,1414276094858402
54,2,-1,1414276094858818,1414276094858818
54,2,6,1414276094859235,1414276094859235
54,2,7,1414276094859652,1414276094859652
54,2,1,1414276094860068,1414276094860068
54,2,5,1414276094860485,1414276094860485
54,2,2,1414276094860902,1414276094860902
54,2,-1,1414276094861319,1414276094861319
54,2,1,1414276094861736,1414276094861736
54,2,3,1414276094862152,1414276094862152
54,2,8,1414276094862569,1414276094862569
54,2,-1,1414276094862986,1414276094862986
54,2,29,1414276094863402,1414276094863402
54,2,38,1414276094863819,1414276094863819
54,2,43,1414276094864236,1414276094864236
54,2,23,1414276094864653,1414276094864653
54,2,-1,1414276094865070,1414276094865070
54,2,-3,1414276094865486,1414276094865486
54,2,5,1414276094865903,1414276094865903
54,2,-3,1414276094866320,1414276094866320
54,2,-4,1414276094866736,1414276094866736
54,2,-3,1414276094867153,1414276094867153
54,2,4,1414276094867570,1414276094867570
54,2,4,1414276094867987,1414276094867987
54,2,-4,1414276094868404,1414276094868404
54,2,-4,1414276094868820,1414276094868820
54,2,7,1414276094869237,1414276094869237
54,2,-1,1414276094869654,1414276094869654
54,2,4,1414276094870070,1414276094870070
54,2,0,1414276094870487,1414276094870487
54,2,-1,1414276094870904,1414276094870904
54,2,-22,1414276094871321,1414276094871321
54,2,-33,1414276094871738,1414276094871738
54,2,-39,1414276094872154,1414276094872154
54,2,-25,1414276094872571,1414276094872571
54,2,7,1414276094872988,1414276094872988
54,2,-4,1414276094873404,1414276094873404
54,2,-1,1414276094873821,1414276094873821
54,2,-1,1414276094874238,1414276094874238
54,2,3,1414276094874655,1414276094874655
54,2,3,1414276094875072,1414276094875072
54,2,1,1414276094875488,1414276094875488
54,2,7,1414276094875905,1414276094875905
54,2,7,1414276094876322,1414276094876322
54,2,5,1414276094876738,1414276094876738
54,2,1,1414276094877155,1414276094877155
54,2,3,1414276094877572,1414276094877572
54,2,-1,1414276094877989,1414276094877989
54,2,-2,1414276094878406,1414276094878406
54,2,-3,1414276094878822,1414276094878822
54,2,9,1414276094879239,1414276094879239
54,2,31,1414276094879656,1414276094879656
54,2,35,1414276094880072,1414276094880072
54,2,36,1414276094880489,1414276094880489
54,2,18,1414276094880906,1414276094880906
54,2,0,1414276094881323,1414276094881323
54,2,-1,1414276094881740,1414276094881740
54,2,5,1414276094882156,1414276094882156
54,2,2,1414276094882573,1414276094882573
54,2,5,1414276094882990,1414276094882990
54,2,3,1414276094883406,1414276094883406
54,2,2,1414276094883823,1414276094883823
54,2,3,1414276094884240,1414276094884240
54,2,3,1414276094884657,1414276094884657
54,2,-1,1414276094885074,1414276094885074
54,2,1,1414276094885490,1414276094885490
54,2,1,1414276094885907,1414276094885907
54,2,1,1414276094886324,1414276094886324
54,2,2,1414276094886740,1414276094886740
54,2,-1,1414276094887157,1414276094887157
54,2,-22,1414276094887574,1414276094887574
54,2,-30,1414276094887991,1414276094887991
54,2,-33,1414276094888408,1414276094888408
54,2,-22,1414276094888824,1414276094888824
54,2,-1,1414276094889241,1414276094889241
54,2,4,1414276094889658,1414276094889658
54,2,10,1414276094890074,1414276094890074
54,2,3,1414276094890491,1414276094890491
54,2,4,1414276094890908,1414276094890908
54,2,1,1414276094891325,1414276094891325
54,2,-1,1414276094891742,1414276094891742
54,2,-1,1414276094892158,1414276094892158
54,2,-1,1414276094892575,1414276094892575
54,2,1,1414276094892992,1414276094892992
54,2,0,1414276094893408,1414276094893408
54,2,-1,1414276094893825,1414276094893825
54,2,0,1414276094894242,1414276094894242
54,2,7,1414276094894659,1414276094894659
54,2,-3,1414276094895076,1414276094895076
54,2,-5,1414276094895492,1414276094895492
54,2,27,1414276094895909,1414276094895909
54,2,36,1414276094896326,1414276094896326
54,2,29,1414276094896742,1414276094896742
54,2,20,1414276094897159,1414276094897159
54,2,0,1414276094897576,1414276094897576
54,2,-7,1414276094897993,1414276094897993
54,2,4,1414276094898410,1414276094898410
54,2,2,1414276094898826,1414276094898826
54,2,2,1414276094899243,1414276094899243
54,2,1,1414276094899660,1414276094899660
54,2,1,1414276094900076,1414276094900076
54,2,3,1414276094900493,1414276094900493
54,2,1,1414276094900910,1414276094900910
54,2,0,1414276094901327,1414276094901327
54,2,0,1414276094901744,1414276094901744
54,2,-2,1414276094902160,1414276094902160
54,2,0,1414276094902577,1414276094902577
54,2,0,1414276094902994,1414276094902994
54,2,-1,1414276094903410,1414276094903410
54,2,-4,1414276094903827,1414276094903827
54,2,-25,1414276094904244,1414276094904244
54,2,-36,1414276094904661,1414276094904661
54,2,-34,1414276094905078,1414276094905078
54,2,-19,1414276094905494,1414276094905494
54,2,-1,1414276094905911,1414276094905911
54,2,-2,1414276094906328,1414276094906328
54,2,7,1414276094906744,1414276094906744
54,2,-1,1414276094907161,1414276094907161
54,2,-1,1414276094907578,1414276094907578
54,2,-1,1414276094907995,1414276094907995
54,2,-1,1414276094908412,1414276094908412
54,2,4,1414276094908828,1414276094908828
54,2,0,1414276094909245,1414276094909245
54,2,4,1414276094909662,1414276094909662
54,2,2,1414276094910078,1414276094910078
54,2,-5,1414276094910495,1414276094910495
54,2,2,1414276094910912,1414276094910912
54,2,-2,1414276094911329,1414276094911329
54,2,1,1414276094911746,1414276094911746
54,2,7,1414276094912162,1414276094912162
54,2,31,1414276094912579,1414276094912579
54,2,40,1414276094912996,1414276094912996
54,2,32,1414276094913412,1414276094913412
54,2,15,1414276094913829,1414276094913829
54,2,-3,1414276094914246,1414276094914246
54,2,-6,1414276094914663,1414276094914663
54,2,3,1414276094915080,1414276094915080
54,2,4,1414276094915496,1414276094915496
54,2,1,1414276094915913,1414276094915913
54,2,-1,1414276094916330,1414276094916330
54,2,-1,1414276094916746,1414276094916746
54,2,0,1414276094917163,1414276094917163
54,2,3,1414276094917580,1414276094917580
54,2,1,1414276094917997,1414276094917997
54,2,-4,1414276094918414,1414276094918414
54,2,-1,1414276094918830,1414276094918830
54,2,-1,1414276094919247,1414276094919247
54,2,3,1414276094919664,1414276094919664
54,2,-1,1414276094920080,1414276094920080
54,2,-23,1414276094920497,1414276094920497
54,2,-34,1414276094920914,1414276094920914
54,2,-35,1414276094921331,1414276094921331
54,2,-32,1414276094921748,1414276094921748
54,2,-8,1414276094922164,1414276094922164
54,2,-1,1414276094922581,1414276094922581
54,2,7,1414276094922998,1414276094922998
54,2,4,1414276094923414,1414276094923414
54,2,1,1414276094923831,1414276094923831
54,2,-4,1414276095050662,1414276095050662
54,2,1,1414276095051079,1414276095051079
54,2,-4,1414276095051496,1414276095051496
54,2,3,1414276095051912,1414276095051912
54,2,-1,1414276095052329,1414276095052329
54,2,-3,1414276095052746,1414276095052746
54,2,7,1414276095053162,1414276095053162
54,2,3,1414276095053579,1414276095053579
54,2,2,1414276095053996,1414276095053996
54,2,0,1414276095054413,1414276095054413
54,2,-1,1414276095054830,1414276095054830
54,2,10,1414276095055246,1414276095055246
54,2,39,1414276095055663,1414276095055663
54,2,43,1414276095056080,1414276095056080
54,2,33,1414276095056496,1414276095056496
54,2,14,1414276095056913,1414276095056913
54,2,-1,1414276095057330,1414276095057330
54,2,-2,1414276095057747,1414276095057747
54,2,5,1414276095058164,1414276095058164
54,2,3,1414276095058580,1414276095058580
54,2,1,1414276095058997,1414276095058997
54,2,2,1414276095059414,1414276095059414
54,2,7,1414276095059830,1414276095059830
54,2,3,1414276095060247,1414276095060247
54,2,-3,1414276095060664,1414276095060664
54,2,-1,1414276095061081,1414276095061081
54,2,-1,1414276095061498,1414276095061498
54,2,-1,1414276095061914,1414276095061914
54,2,-1,1414276095062331,1414276095062331
54,2,2,1414276095062748,1414276095062748
54,2,-1,1414276095063164,1414276095063164
54,2,-1,1414276095063581,1414276095063581
54,2,-26,1414276095063998,1414276095063998
54,2,-34,1414276095064415,1414276095064415
54,2,-35,1414276095064832,1414276095064832
54,2,-25,1414276095065248,1414276095065248
54,2,2,1414276095065665,1414276095065665
54,2,3,1414276095066082,1414276095066082
54,2,7,1414276095066498,1414276095066498
54,2,5,1414276095066915,1414276095066915
54,2,-1,1414276095067332,1414276095067332
54,2,-5,1414276095067749,1414276095067749
54,2,-1,1414276095068166,1414276095068166
54,2,0,1414276095068582,1414276095068582
54,2,-1,1414276095068999,1414276095068999
54,2,-1,1414276095069416,1414276095069416
54,2,2,1414276095069832,1414276095069832
54,2,-1,1414276095070249,1414276095070249
54,2,-1,1414276095070666,1414276095070666
54,2,0,1414276095071083,1414276095071083
54,2,3,1414276095071500,1414276095071500
54,2,4,1414276095071916,1414276095071916
54,2,10,1414276095072333,1414276095072333
54,2,31,1414276095072750,1414276095072750
54,2,39,1414276095073166,1414276095073166
54,2,35,1414276095073583,1414276095073583
54,2,18,1414276095074000,1414276095074000
54,2,9,1414276095074417,1414276095074417
54,2,-1,1414276095074834,1414276095074834
54,2,-1,1414276095075250,1414276095075250
54,2,0,1414276095075667,1414276095075667
54,2,1,1414276095076084,1414276095076084
54,2,3,1414276095076500,1414276095076500
54,2,-1,1414276095076917,1414276095076917
54,2,-2,1414276095077334,1414276095077334
54,2,3,1414276095077751,1414276095077751
54,2,-5,1414276095078168,1414276095078168
54,2,5,1414276095078584,1414276095078584
54,2,-3,1414276095079001,1414276095079001
54,2,3,1414276095079418,1414276095079418
54,2,-3,1414276095079834,1414276095079834
54,2,2,1414276095080251,1414276095080251
54,2,4,1414276095080668,1414276095080668
54,2,-21,1414276095081085,1414276095081085
54,2,-34,1414276095081502,1414276095081502
54,2,-41,1414276095081918,1414276095081918
54,2,-31,1414276095082335,1414276095082335
54,2,0,1414276095082752,1414276095082752
54,2,3,1414276095083168,1414276095083168
54,2,5,1414276095083585,1414276095083585
54,2,1,1414276095084002,1414276095084002
54,2,3,1414276095084419,1414276095084419
54,2,0,1414276095084836,1414276095084836
54,2,3,1414276095085252,1414276095085252
54,2,0,1414276095085669,1414276095085669
54,2,-1,1414276095086086,1414276095086086
54,2,0,1414276095086502,1414276095086502
54,2,-1,1414276095086919,1414276095086919
54,2,1,1414276095087336,1414276095087336
54,2,-1,1414276095087753,1414276095087753
54,2,-3,1414276095088170,1414276095088170
54,2,-2,1414276095088586,1414276095088586
54,2,-4,1414276095089003,1414276095089003
54,2,-1,1414276095089420,1414276095089420
54,2,28,1414276095089836,1414276095089836
54,2,37,1414276095090253,1414276095090253
54,2,34,1414276095090670,1414276095090670
54,2,25,1414276095091087,1414276095091087
54,2,-2,1414276095091504,1414276095091504
54,2,-6,1414276095091920,1414276095091920
54,2,5,1414276095092337,1414276095092337
54,2,0,1414276095092754,1414276095092754
54,2,-3,1414276095093170,1414276095093170
54,2,-1,1414276095093587,1414276095093587
54,2,-1,1414276095094004,1414276095094004
54,2,1,1414276095094421,1414276095094421
54,2,1,1414276095094838,1414276095094838
54,2,3,1414276095095254,1414276095095254
54,2,3,1414276095095671,1414276095095671
54,2,5,1414276095096088,1414276095096088
54,2,-3,1414276095096504,1414276095096504
54,2,-1,1414276095096921,1414276095096921
54,2,-1,1414276095097338,1414276095097338
54,2,1,1414276095097755,1414276095097755
54,2,-29,1414276095098172,1414276095098172
54,2,-36,1414276095098588,1414276095098588
54,2,-36,1414276095099005,1414276095099005
54,2,-27,1414276095099422,1414276095099422
54,2,7,1414276095099838,1414276095099838
54,2,5,1414276095100255,1414276095100255
54,2,-1,1414276095100672,1414276095100672
54,2,-1,1414276095101089,1414276095101089
54,2,-3,1414276095101506,1414276095101506
54,2,-1,1414276095101922,1414276095101922
54,2,0,1414276095102339,1414276095102339
54,2,-5,1414276095102756,1414276095102756
54,2,2,1414276095103172,1414276095103172
54,2,2,1414276095103589,1414276095103589
54,2,0,1414276095104006,1414276095104006
54,2,0,1414276095104423,1414276095104423
54,2,-1,1414276095104840,1414276095104840
54,2,-1,1414276095105256,1414276095105256
54,2,-1,1414276095105673,1414276095105673
54,2,0,1414276095106090,1414276095106090
54,2,13,1414276095106506,1414276095106506
54,2,31,1414276095106923,1414276095106923
54,2,35,1414276095107340,1414276095107340
54,2,29,1414276095107757,1414276095107757
54,2,12,1414276095108174,1414276095108174
54,2,3,1414276095108590,1414276095108590
54,2,0,1414276095109007,1414276095109007
54,2,-2,1414276095109424,1414276095109424
54,2,-3,1414276095109840,1414276095109840
54,2,2,1414276095110257,1414276095110257
54,2,3,1414276095110674,1414276095110674
54,2,3,1414276095111091,1414276095111091
54,2,3,1414276095111508,1414276095111508
54,2,-7,1414276095111924,1414276095111924
54,2,0,1414276095112341,1414276095112341
54,2,-1,1414276095112758,1414276095112758
54,2,-5,1414276095113174,1414276095113174
54,2,3,1414276095113591,1414276095113591
54,2,7,1414276095114008,1414276095114008
54,2,-1,1414276095114425,1414276095114425
54,2,-17,1414276095114842,1414276095114842
54,2,-26,1414276095115258,1414276095115258
54,2,-33,1414276095115675,1414276095115675
54,2,-25,1414276095116092,1414276095116092
54,2,-1,1414276095116508,1414276095116508
54,2,1,1414276095116925,1414276095116925
54,2,4,1414276095117342,1414276095117342
54,2,7,1414276095117759,1414276095117759
54,2,9,1414276095118176,1414276095118176
54,2,3,1414276095118592,1414276095118592
54,2,3,1414276095119009,1414276095119009
54,2,5,1414276095119426,1414276095119426
54,2,3,1414276095119842,1414276095119842
54,2,3,1414276095120259,1414276095120259
54,2,-1,1414276095120676,1414276095120676
54,2,0,1414276095121093,1414276095121093
54,2,-2,1414276095121510,1414276095121510
54,2,0,1414276095121926,1414276095121926
54,2,3,1414276095122343,1414276095122343
54,2,1,1414276095122760,1414276095122760
54,2,25,1414276095123176,1414276095123176
54,2,31,1414276095123593,1414276095123593
54,2,35,1414276095124010,1414276095124010
54,2,24,1414276095124427,1414276095124427
54,2,3,1414276095124844,1414276095124844
54,2,9,1414276095125260,1414276095125260
54,2,-1,1414276095125677,1414276095125677
54,2,3,1414276095126094,1414276095126094
54,2,2,1414276095126510,1414276095126510
54,2,4,1414276095126927,1414276095126927
54,2,-3,1414276095127344,1414276095127344
54,2,2,1414276095127761,1414276095127761
54,2,-1,1414276095128178,1414276095128178
54,2,-1,1414276095128594,1414276095128594
54,2,3,1414276095129011,1414276095129011
54,2,3,1414276095129428,1414276095129428
54,2,-1,1414276095129844,1414276095129844
54,2,0,1414276095130261,1414276095130261
54,2,1,1414276095130678,1414276095130678
54,2,-1,1414276095131095,1414276095131095
54,2,-25,1414276095131512,1414276095131512
54,2,-32,1414276095131928,1414276095131928
54,2,-40,1414276095132345,1414276095132345
54,2,-17,1414276095132762,1414276095132762
54,2,8,1414276095133178,1414276095133178
54,2,5,1414276095133595,1414276095133595
54,2,7,1414276095253218,1414276095253218
54,2,8,1414276095253635,1414276095253635
54,2,4,1414276095254052,1414276095254052
54,2,1,1414276095254468,1414276095254468
54,2,3,1414276095254885,1414276095254885
54,2,0,1414276095255302,1414276095255302
54,2,7,1414276095255718,1414276095255718
54,2,1,1414276095256135,1414276095256135
54,2,-1,1414276095256552,1414276095256552
54,2,8,1414276095256969,1414276095256969
54,2,3,1414276095257386,1414276095257386
54,2,3,1414276095257802,1414276095257802
54,2,-5,1414276095258219,1414276095258219
54,2,21,1414276095258636,1414276095258636
54,2,38,1414276095259052,1414276095259052
54,2,37,1414276095259469,1414276095259469
54,2,35,1414276095259886,1414276095259886
54,2,4,1414276095260303,1414276095260303
54,2,-3,1414276095260720,1414276095260720
54,2,-1,1414276095261136,1414276095261136
54,2,0,1414276095261553,1414276095261553
54,2,0,1414276095261970,1414276095261970
54,2,2,1414276095262386,1414276095262386
54,2,1,1414276095262803,1414276095262803
54,2,2,1414276095263220,1414276095263220
54,2,0,1414276095263637,1414276095263637
54,2,-1,1414276095264054,1414276095264054
54,2,-3,1414276095264470,1414276095264470
54,2,-1,1414276095264887,1414276095264887
54,2,-1,1414276095265304,1414276095265304
54,2,1,1414276095265720,1414276095265720
54,2,1,1414276095266137,1414276095266137
54,2,-1,1414276095266554,1414276095266554
54,2,-30,1414276095266971,1414276095266971
54,2,-34,1414276095267388,1414276095267388
54,2,-36,1414276095267804,1414276095267804
54,2,-11,1414276095268221,1414276095268221
54,2,7,1414276095268638,1414276095268638
54,2,4,1414276095269054,1414276095269054
54,2,5,1414276095269471,1414276095269471
54,2,1,1414276095269888,1414276095269888
54,2,3,1414276095270305,1414276095270305
54,2,3,1414276095270722,1414276095270722
54,2,10,1414276095271138,1414276095271138
54,2,7,1414276095271555,1414276095271555
54,2,-5,1414276095271972,1414276095271972
54,2,3,1414276095272388,1414276095272388
54,2,2,1414276095272805,1414276095272805
54,2,-1,1414276095273222,1414276095273222
54,2,-1,1414276095273639,1414276095273639
54,2,0,1414276095274056,1414276095274056
54,2,-1,1414276095274472,1414276095274472
54,2,19,1414276095274889,1414276095274889
54,2,31,1414276095275306,1414276095275306
54,2,39,1414276095275722,1414276095275722
54,2,24,1414276095276139,1414276095276139
54,2,3,1414276095276556,1414276095276556
54,2,2,1414276095276973,1414276095276973
54,2,1,1414276095277390,1414276095277390
54,2,1,1414276095277806,1414276095277806
54,2,5,1414276095278223,1414276095278223
54,2,-1,1414276095278640,1414276095278640
54,2,1,1414276095279056,1414276095279056
54,2,3,1414276095279473,1414276095279473
54,2,-1,1414276095279890,1414276095279890
54,2,-5,1414276095280307,1414276095280307
54,2,0,1414276095280724,1414276095280724
54,2,-1,1414276095281140,1414276095281140
54,2,7,1414276095281557,1414276095281557
54,2,-3,1414276095281974,1414276095281974
54,2,1,1414276095282390,1414276095282390
54,2,3,1414276095282807,1414276095282807
54,2,-25,1414276095283224,1414276095283224
54,2,-35,1414276095283641,1414276095283641
54,2,-32,1414276095284058,1414276095284058
54,2,-25,1414276095284474,1414276095284474
54,2,8,1414276095284891,1414276095284891
54,2,0,1414276095285308,1414276095285308
54,2,4,1414276095285724,1414276095285724
54,2,6,1414276095286141,1414276095286141
54,2,0,1414276095286558,1414276095286558
54,2,-3,1414276095286975,1414276095286975
54,2,2,1414276095287392,1414276095287392
54,2,-1,1414276095287808,1414276095287808
54,2,3,1414276095288225,1414276095288225
54,2,4,1414276095288642,1414276095288642
54,2,1,1414276095289058,1414276095289058
54,2,2,1414276095289475,1414276095289475
54,2,-1,1414276095289892,1414276095289892
54,2,0,1414276095290309,1414276095290309
54,2,0,1414276095290726,1414276095290726
54,2,-1,1414276095291142,1414276095291142
54,2,26,1414276095291559,1414276095291559
54,2,35,1414276095291976,1414276095291976
54,2,36,1414276095292392,1414276095292392
54,2,23,1414276095292809,1414276095292809
54,2,-4,1414276095293226,1414276095293226
54,2,0,1414276095293643,1414276095293643
54,2,-2,1414276095294060,1414276095294060
54,2,-3,1414276095294476,1414276095294476
54,2,-1,1414276095294893,1414276095294893
54,2,6,1414276095295310,1414276095295310
54,2,1,1414276095295726,1414276095295726
54,2,3,1414276095296143,1414276095296143
54,2,1,1414276095296560,1414276095296560
54,2,0,1414276095296977,1414276095296977
54,2,3,1414276095297394,1414276095297394
54,2,-4,1414276095297810,1414276095297810
54,2,-7,1414276095298227,1414276095298227
54,2,-1,1414276095298644,1414276095298644
54,2,2,1414276095299060,1414276095299060
54,2,3,1414276095299477,1414276095299477
54,2,-6,1414276095299894,1414276095299894
54,2,-25,1414276095300311,1414276095300311
54,2,-37,1414276095300728,1414276095300728
54,2,-30,1414276095301144,1414276095301144
54,2,-25,1414276095301561,1414276095301561
54,2,1,1414276095301978,1414276095301978
54,2,-5,1414276095302394,1414276095302394
54,2,-6,1414276095302811,1414276095302811
54,2,-1,1414276095303228,1414276095303228
54,2,4,1414276095303645,1414276095303645
54,2,-1,1414276095304062,1414276095304062
54,2,6,1414276095304478,1414276095304478
54,2,-6,1414276095304895,1414276095304895
54,2,0,1414276095305312,1414276095305312
54,2,3,1414276095305728,1414276095305728
54,2,0,1414276095306145,1414276095306145
54,2,-4,1414276095306562,1414276095306562
54,2,-5,1414276095306979,1414276095306979
54,2,6,1414276095307396,1414276095307396
54,2,4,1414276095307812,1414276095307812
54,2,-5,1414276095308229,1414276095308229
54,2,9,1414276095308646,1414276095308646
54,2,32,1414276095309062,1414276095309062
54,2,38,1414276095309479,1414276095309479
54,2,30,1414276095309896,1414276095309896
54,2,17,1414276095310313,1414276095310313
54,2,-1,1414276095310730,1414276095310730
54,2,0,1414276095311146,1414276095311146
54,2,4,1414276095311563,1414276095311563
54,2,1,1414276095311980,1414276095311980
54,2,0,1414276095312396,1414276095312396
54,2,7,1414276095312813,1414276095312813
54,2,-1,1414276095313230,1414276095313230
54,2,6,1414276095313647,1414276095313647
54,2,3,1414276095314064,1414276095314064
54,2,-1,1414276095314480,1414276095314480
54,2,7,1414276095314897,1414276095314897
54,2,-2,1414276095315314,1414276095315314
54,2,-1,1414276095315730,1414276095315730
54,2,-2,1414276095316147,1414276095316147
54,2,-3,1414276095316564,1414276095316564
54,2,7,1414276095316981,1414276095316981
54,2,-11,1414276095317398,1414276095317398
54,2,-29,1414276095317814,1414276095317814
54,2,-32,1414276095318231,1414276095318231
54,2,-33,1414276095318648,1414276095318648
54,2,-12,1414276095319064,1414276095319064
54,2,1,1414276095319481,1414276095319481
54,2,8,1414276095319898,1414276095319898
54,2,4,1414276095320315,1414276095320315
54,2,9,1414276095320732,1414276095320732
54,2,0,1414276095321148,1414276095321148
54,2,4,1414276095321565,1414276095321565
54,2,3,1414276095321982,1414276095321982
54,2,0,1414276095322398,1414276095322398
54,2,-1,1414276095322815,1414276095322815
54,2,7,1414276095323232,1414276095323232
54,2,2,1414276095323649,1414276095323649
54,2,1,1414276095324066,1414276095324066
54,2,-1,1414276095324482,1414276095324482
54,2,-1,1414276095324899,1414276095324899
54,2,4,1414276095325316,1414276095325316
54,2,0,1414276095325732,1414276095325732
54,2,26,1414276095326149,1414276095326149
54,2,43,1414276095326566,1414276095326566
54,2,35,1414276095326983,1414276095326983
54,2,22,1414276095327400,1414276095327400
54,2,0,1414276095327816,1414276095327816
54,2,4,1414276095328233,1414276095328233
54,2,-1,1414276095328650,1414276095328650
54,2,-2,1414276095329066,1414276095329066
54,2,-6,1414276095329483,1414276095329483
54,2,-1,1414276095329900,1414276095329900
54,2,6,1414276095330317,1414276095330317
54,2,-1,1414276095330734,1414276095330734
54,2,1,1414276095331150,1414276095331150
54,2,-1,1414276095331567,1414276095331567
54,2,-3,1414276095331984,1414276095331984
54,2,-1,1414276095332400,1414276095332400
54,2,3,1414276095332817,1414276095332817
54,2,3,1414276095333234,1414276095333234
54,2,4,1414276095333651,1414276095333651
54,2,7,1414276095334068,1414276095334068
54,2,-24,1414276095334484,1414276095334484
54,2,-30,1414276095334901,1414276095334901
54,2,-33,1414276095335318,1414276095335318
54,2,-28,1414276095335734,1414276095335734
54,2,3,1414276095336151,1414276095336151
55,2,30.03,1414276095313933,1414276095313933
56,2,43.7,1414276095340405,1414276095340405
55,2,22.935,1414276099498840,1414276099498840
56,2,43.3,1414276100089513,1414276100089513
55,2,20.13,1414276104493353,1414276104493353
56,2,43.5,1414276105088542,1414276105088542
55,2,28.215,1414276109528741,1414276109528741
56,2,43.3,1414276110104313,1414276110104313
55,2,23.595,1414276115764523,1414276115764523
55,2,23.595,1414276115786384,1414276115786384
55,2,23.595,1414276115824339,1414276115824339
56,2,43.5,1414276115849428,1414276115849428
55,2,24.915,1414276119498442,1414276119498442
56,2,43.5,1414276120118755,1414276120118755
55,2,24.75,1414276124514571,1414276124514571
56,2,43.3,1414276125084976,1414276125084976
55,2,26.895,1414276129488481,1414276129488481
56,2,43.3,1414276130092138,1414276130092138
55,2,26.235,1414276134491486,1414276134491486
56,2,43.2,1414276135076142,1414276135076142
54,2,3,1414276135615954,1414276135615954
54,2,6,1414276135616371,1414276135616371
54,2,0,1414276135616788,1414276135616788
54,2,6,1414276135617204,1414276135617204
54,2,3,1414276135617621,1414276135617621
54,2,3,1414276135618038,1414276135618038
54,2,-6,1414276135618454,1414276135618454
54,2,6,1414276135618871,1414276135618871
54,2,7,1414276135619288,1414276135619288
54,2,-1,1414276135619705,1414276135619705
54,2,3,1414276135620122,1414276135620122
54,2,-2,1414276135620538,1414276135620538
54,2,1,1414276135620955,1414276135620955
54,2,-2,1414276135621372,1414276135621372
54,2,-1,1414276135621788,1414276135621788
54,2,14,1414276135622205,1414276135622205
54,2,14,1414276135622622,1414276135622622
54,2,2,1414276135623039,1414276135623039
54,2,1,1414276135623456,1414276135623456
54,2,0,1414276135623872,1414276135623872
54,2,6,1414276135624289,1414276135624289
54,2,8,1414276135624706,1414276135624706
54,2,3,1414276135625122,1414276135625122
54,2,10,1414276135625539,1414276135625539
54,2,2,1414276135625956,1414276135625956
54,2,-2,1414276135626373,1414276135626373
54,2,-1,1414276135626790,1414276135626790
54,2,2,1414276135627206,1414276135627206
54,2,-2,1414276135627623,1414276135627623
54,2,4,1414276135628040,1414276135628040
54,2,1,1414276135628456,1414276135628456
54,2,6,1414276135628873,1414276135628873
54,2,5,1414276135629290,1414276135629290
54,2,4,1414276135629707,1414276135629707
54,2,0,1414276135630124,1414276135630124
54,2,-11,1414276135630540,1414276135630540
54,2,-5,1414276135630957,1414276135630957
54,2,6,1414276135631374,1414276135631374
54,2,-1,1414276135631790,1414276135631790
54,2,0,1414276135632207,1414276135632207
54,2,5,1414276135632624,1414276135632624
54,2,2,1414276135633041,1414276135633041
54,2,6,1414276135633458,1414276135633458
54,2,-1,1414276135633874,1414276135633874
54,2,5,1414276135634291,1414276135634291
54,2,4,1414276135634708,1414276135634708
54,2,2,1414276135635124,1414276135635124
54,2,5,1414276135635541,1414276135635541
54,2,-1,1414276135635958,1414276135635958
54,2,3,1414276135636375,1414276135636375
54,2,2,1414276135636792,1414276135636792
54,2,1,1414276135637208,1414276135637208
54,2,10,1414276135637625,1414276135637625
54,2,-4,1414276135638042,1414276135638042
54,2,6,1414276135638458,1414276135638458
54,2,14,1414276135638875,1414276135638875
54,2,3,1414276135639292,1414276135639292
54,2,-1,1414276135639709,1414276135639709
54,2,3,1414276135640126,1414276135640126
54,2,0,1414276135640542,1414276135640542
54,2,2,1414276135640959,1414276135640959
54,2,-2,1414276135641376,1414276135641376
54,2,-2,1414276135641792,1414276135641792
54,2,7,1414276135642209,1414276135642209
54,2,2,1414276135642626,1414276135642626
54,2,2,1414276135643043,1414276135643043
54,2,3,1414276135643460,1414276135643460
54,2,2,1414276135643876,1414276135643876
54,2,-2,1414276135644293,1414276135644293
54,2,-1,1414276135644710,1414276135644710
54,2,6,1414276135645126,1414276135645126
54,2,5,1414276135645543,1414276135645543
54,2,-1,1414276135645960,1414276135645960
54,2,-1,1414276135646377,1414276135646377
54,2,-14,1414276135646794,1414276135646794
54,2,-12,1414276135647210,1414276135647210
54,2,0,1414276135647627,1414276135647627
54,2,3,1414276135648044,1414276135648044
54,2,-1,1414276135648460,1414276135648460
54,2,-1,1414276135648877,1414276135648877
54,2,-3,1414276135649294,1414276135649294
54,2,3,1414276135649711,1414276135649711
54,2,-2,1414276135650128,1414276135650128
54,2,-1,1414276135650544,1414276135650544
54,2,6,1414276135650961,1414276135650961
54,2,6,1414276135651378,1414276135651378
54,2,7,1414276135651794,1414276135651794
54,2,1,1414276135652211,1414276135652211
54,2,5,1414276135652628,1414276135652628
54,2,3,1414276135653045,1414276135653045
54,2,-1,1414276135653462,1414276135653462
54,2,1,1414276135653878,1414276135653878
54,2,-6,1414276135654295,1414276135654295
54,2,3,1414276135654712,1414276135654712
54,2,6,1414276135655128,1414276135655128
54,2,13,1414276135655545,1414276135655545
54,2,2,1414276135655962,1414276135655962
54,2,-1,1414276135656379,1414276135656379
54,2,4,1414276135656796,1414276135656796
54,2,3,1414276135657212,1414276135657212
54,2,2,1414276135657629,1414276135657629
54,2,3,1414276135658046,1414276135658046
54,2,4,1414276135658462,1414276135658462
54,2,2,1414276135658879,1414276135658879
54,2,-4,1414276135659296,1414276135659296
54,2,6,1414276135659713,1414276135659713
54,2,0,1414276135660130,1414276135660130
54,2,7,1414276135660546,1414276135660546
54,2,1,1414276135660963,1414276135660963
54,2,3,1414276135661380,1414276135661380
54,2,0,1414276135661796,1414276135661796
54,2,4,1414276135662213,1414276135662213
54,2,-2,1414276135662630,1414276135662630
54,2,0,1414276135663047,1414276135663047
54,2,-10,1414276135663464,1414276135663464
54,2,-19,1414276135663880,1414276135663880
54,2,1,1414276135664297,1414276135664297
54,2,-5,1414276135664714,1414276135664714
54,2,3,1414276135665130,1414276135665130
54,2,1,1414276135665547,1414276135665547
54,2,-2,1414276135665964,1414276135665964
54,2,7,1414276135666381,1414276135666381
54,2,2,1414276135666798,1414276135666798
54,2,6,1414276135667214,1414276135667214
54,2,2,1414276135667631,1414276135667631
54,2,0,1414276135668048,1414276135668048
54,2,3,1414276135668464,1414276135668464
54,2,3,1414276135668881,1414276135668881
54,2,3,1414276135669298,1414276135669298
54,2,2,1414276135669715,1414276135669715
54,2,2,1414276135670132,1414276135670132
54,2,8,1414276135670548,1414276135670548
54,2,2,1414276135670965,1414276135670965
54,2,11,1414276135671382,1414276135671382
54,2,11,1414276135671798,1414276135671798
54,2,11,1414276135672215,1414276135672215
54,2,6,1414276135672632,1414276135672632
54,2,2,1414276135673049,1414276135673049
54,2,-1,1414276135673466,1414276135673466
54,2,-2,1414276135673882,1414276135673882
54,2,-1,1414276135674299,1414276135674299
54,2,2,1414276135674716,1414276135674716
54,2,3,1414276135675132,1414276135675132
54,2,-2,1414276135675549,1414276135675549
54,2,2,1414276135675966,1414276135675966
54,2,6,1414276135676383,1414276135676383
54,2,-6,1414276135676800,1414276135676800
54,2,0,1414276135677216,1414276135677216
54,2,-8,1414276135677633,1414276135677633
54,2,2,1414276135678050,1414276135678050
54,2,-1,1414276135678466,1414276135678466
54,2,-1,1414276135678883,1414276135678883
54,2,10,1414276135679300,1414276135679300
54,2,3,1414276135679717,1414276135679717
54,2,-5,1414276135680134,1414276135680134
54,2,-13,1414276135680550,1414276135680550
54,2,-9,1414276135680967,1414276135680967
54,2,-4,1414276135681384,1414276135681384
54,2,3,1414276135681800,1414276135681800
54,2,-1,1414276135682217,1414276135682217
54,2,2,1414276135682634,1414276135682634
54,2,-5,1414276135683051,1414276135683051
54,2,-1,1414276135683468,1414276135683468
54,2,5,1414276135683884,1414276135683884
54,2,1,1414276135684301,1414276135684301
54,2,4,1414276135684718,1414276135684718
54,2,4,1414276135685134,1414276135685134
54,2,4,1414276135685551,1414276135685551
54,2,2,1414276135685968,1414276135685968
54,2,0,1414276135686385,1414276135686385
54,2,6,1414276135686802,1414276135686802
54,2,6,1414276135687218,1414276135687218
54,2,10,1414276135687635,1414276135687635
54,2,-2,1414276135688052,1414276135688052
54,2,-2,1414276135688468,1414276135688468
54,2,7,1414276135688885,1414276135688885
54,2,19,1414276135689302,1414276135689302
54,2,-1,1414276135689719,1414276135689719
54,2,2,1414276135690136,1414276135690136
54,2,2,1414276135690552,1414276135690552
54,2,-2,1414276135690969,1414276135690969
54,2,-1,1414276135691386,1414276135691386
54,2,4,1414276135691802,1414276135691802
54,2,-1,1414276135692219,1414276135692219
54,2,3,1414276135692636,1414276135692636
54,2,2,1414276135693053,1414276135693053
54,2,3,1414276135693470,1414276135693470
54,2,0,1414276135693886,1414276135693886
54,2,-1,1414276135694303,1414276135694303
54,2,6,1414276135694720,1414276135694720
54,2,2,1414276135695136,1414276135695136
54,2,6,1414276135695553,1414276135695553
54,2,2,1414276135695970,1414276135695970
54,2,-2,1414276135696387,1414276135696387
54,2,3,1414276135696804,1414276135696804
54,2,-10,1414276135697220,1414276135697220
54,2,-11,1414276135697637,1414276135697637
54,2,-3,1414276135698054,1414276135698054
54,2,4,1414276135698470,1414276135698470
54,2,3,1414276135698887,1414276135698887
54,2,3,1414276135927822,1414276135927822
54,2,0,1414276135928239,1414276135928239
54,2,3,1414276135928656,1414276135928656
54,2,4,1414276135929072,1414276135929072
54,2,2,1414276135929489,1414276135929489
54,2,2,1414276135929906,1414276135929906
54,2,3,1414276135930322,1414276135930322
54,2,-1,1414276135930739,1414276135930739
54,2,2,1414276135931156,1414276135931156
54,2,2,1414276135931573,1414276135931573
54,2,-4,1414276135931990,1414276135931990
54,2,0,1414276135932406,1414276135932406
54,2,3,1414276135932823,1414276135932823
54,2,1,1414276135933240,1414276135933240
54,2,7,1414276135933656,1414276135933656
54,2,13,1414276135934073,1414276135934073
54,2,13,1414276135934490,1414276135934490
54,2,5,1414276135934907,1414276135934907
54,2,2,1414276135935324,1414276135935324
54,2,1,1414276135935740,1414276135935740
54,2,-3,1414276135936157,1414276135936157
54,2,2,1414276135936574,1414276135936574
54,2,0,1414276135936990,1414276135936990
54,2,-2,1414276135937407,1414276135937407
54,2,-5,1414276135937824,1414276135937824
54,2,2,1414276135938241,1414276135938241
54,2,6,1414276135938658,1414276135938658
54,2,6,1414276135939074,1414276135939074
54,2,3,1414276135939491,1414276135939491
54,2,-1,1414276135939908,1414276135939908
54,2,6,1414276135940324,1414276135940324
54,2,-2,1414276135940741,1414276135940741
54,2,3,1414276135941158,1414276135941158
54,2,6,1414276135941575,1414276135941575
54,2,-2,1414276135941992,1414276135941992
54,2,3,1414276135942408,1414276135942408
54,2,-15,1414276135942825,1414276135942825
54,2,-6,1414276135943242,1414276135943242
54,2,10,1414276135943658,1414276135943658
54,2,2,1414276135944075,1414276135944075
54,2,-2,1414276135944492,1414276135944492
54,2,0,1414276135944909,1414276135944909
54,2,2,1414276135945326,1414276135945326
54,2,3,1414276135945742,1414276135945742
54,2,-1,1414276135946159,1414276135946159
54,2,2,1414276135946576,1414276135946576
54,2,1,1414276135946992,1414276135946992
54,2,-1,1414276135947409,1414276135947409
54,2,4,1414276135947826,1414276135947826
54,2,3,1414276135948243,1414276135948243
54,2,2,1414276135948660,1414276135948660
54,2,-2,1414276135949076,1414276135949076
54,2,5,1414276135949493,1414276135949493
54,2,-1,1414276135949910,1414276135949910
54,2,5,1414276135950326,1414276135950326
54,2,2,1414276135950743,1414276135950743
54,2,13,1414276135951160,1414276135951160
54,2,13,1414276135951577,1414276135951577
54,2,5,1414276135951994,1414276135951994
54,2,-2,1414276135952410,1414276135952410
54,2,-2,1414276135952827,1414276135952827
54,2,0,1414276135953244,1414276135953244
54,2,3,1414276135953660,1414276135953660
54,2,-1,1414276135954077,1414276135954077
54,2,5,1414276135954494,1414276135954494
54,2,4,1414276135954911,1414276135954911
54,2,6,1414276135955328,1414276135955328
54,2,11,1414276135955744,1414276135955744
54,2,0,1414276135956161,1414276135956161
54,2,3,1414276135956578,1414276135956578
54,2,1,1414276135956994,1414276135956994
54,2,1,1414276135957411,1414276135957411
54,2,-1,1414276135957828,1414276135957828
54,2,7,1414276135958245,1414276135958245
54,2,-1,1414276135958662,1414276135958662
54,2,-6,1414276135959078,1414276135959078
54,2,-13,1414276135959495,1414276135959495
54,2,-18,1414276135959912,1414276135959912
54,2,-3,1414276135960328,1414276135960328
54,2,-3,1414276135960745,1414276135960745
54,2,-2,1414276135961162,1414276135961162
54,2,4,1414276135961579,1414276135961579
54,2,5,1414276135961996,1414276135961996
54,2,1,1414276135962412,1414276135962412
54,2,2,1414276135962829,1414276135962829
54,2,-2,1414276135963246,1414276135963246
54,2,6,1414276135963662,1414276135963662
54,2,6,1414276135964079,1414276135964079
54,2,5,1414276135964496,1414276135964496
54,2,10,1414276135964913,1414276135964913
54,2,2,1414276135965330,1414276135965330
54,2,6,1414276135965746,1414276135965746
54,2,6,1414276135966163,1414276135966163
54,2,9,1414276135966580,1414276135966580
54,2,-1,1414276135966996,1414276135966996
54,2,0,1414276135967413,1414276135967413
54,2,9,1414276135967830,1414276135967830
54,2,14,1414276135968247,1414276135968247
54,2,-2,1414276135968664,1414276135968664
54,2,-4,1414276135969080,1414276135969080
54,2,3,1414276135969497,1414276135969497
54,2,7,1414276135969914,1414276135969914
54,2,-1,1414276135970330,1414276135970330
54,2,-2,1414276135970747,1414276135970747
54,2,-2,1414276135971164,1414276135971164
54,2,8,1414276135971581,1414276135971581
54,2,7,1414276135971998,1414276135971998
54,2,-2,1414276135972414,1414276135972414
54,2,6,1414276135972831,1414276135972831
54,2,2,1414276135973248,1414276135973248
54,2,-3,1414276135973664,1414276135973664
54,2,0,1414276135974081,1414276135974081
54,2,3,1414276135974498,1414276135974498
54,2,6,1414276135974915,1414276135974915
54,2,3,1414276135975332,1414276135975332
54,2,-2,1414276135975748,1414276135975748
54,2,-13,1414276135976165,1414276135976165
54,2,-8,1414276135976582,1414276135976582
54,2,-2,1414276135976998,1414276135976998
54,2,-1,1414276135977415,1414276135977415
54,2,3,1414276135977832,1414276135977832
54,2,0,1414276135978249,1414276135978249
54,2,2,1414276135978666,1414276135978666
54,2,3,1414276135979082,1414276135979082
54,2,2,1414276135979499,1414276135979499
54,2,7,1414276135979916,1414276135979916
54,2,7,1414276135980332,1414276135980332
54,2,7,1414276135980749,1414276135980749
54,2,2,1414276135981166,1414276135981166
54,2,1,1414276135981583,1414276135981583
54,2,6,1414276135982000,1414276135982000
54,2,4,1414276135982416,1414276135982416
54,2,6,1414276135982833,1414276135982833
54,2,2,1414276135983250,1414276135983250
54,2,2,1414276135983666,1414276135983666
54,2,2,1414276135984083,1414276135984083
54,2,9,1414276135984500,1414276135984500
54,2,2,1414276135984917,1414276135984917
54,2,-3,1414276135985334,1414276135985334
54,2,-1,1414276135985750,1414276135985750
54,2,-5,1414276135986167,1414276135986167
54,2,-5,1414276135986584,1414276135986584
54,2,0,1414276135987000,1414276135987000
54,2,6,1414276135987417,1414276135987417
54,2,4,1414276135987834,1414276135987834
54,2,2,1414276135988251,1414276135988251
54,2,0,1414276135988668,1414276135988668
54,2,7,1414276135989084,1414276135989084
54,2,6,1414276135989501,1414276135989501
54,2,1,1414276135989918,1414276135989918
54,2,2,1414276135990334,1414276135990334
54,2,11,1414276135990751,1414276135990751
54,2,7,1414276135991168,1414276135991168
54,2,-4,1414276135991585,1414276135991585
54,2,5,1414276135992002,1414276135992002
54,2,-10,1414276135992418,1414276135992418
54,2,-13,1414276135992835,1414276135992835
54,2,3,1414276135993252,1414276135993252
54,2,3,1414276135993668,1414276135993668
54,2,-2,1414276135994085,1414276135994085
54,2,2,1414276135994502,1414276135994502
54,2,6,1414276135994919,1414276135994919
54,2,5,1414276135995336,1414276135995336
54,2,1,1414276135995752,1414276135995752
54,2,6,1414276135996169,1414276135996169
54,2,6,1414276135996586,1414276135996586
54,2,3,1414276135997002,1414276135997002
54,2,-2,1414276135997419,1414276135997419
54,2,6,1414276135997836,1414276135997836
54,2,5,1414276135998253,1414276135998253
54,2,3,1414276135998670,1414276135998670
54,2,3,1414276135999086,1414276135999086
54,2,2,1414276135999503,1414276135999503
54,2,-1,1414276135999920,1414276135999920
54,2,5,1414276136000336,1414276136000336
54,2,8,1414276136000753,1414276136000753
54,2,12,1414276136001170,1414276136001170
54,2,0,1414276136001587,1414276136001587
54,2,2,1414276136002004,1414276136002004
54,2,3,1414276136002420,1414276136002420
54,2,-5,1414276136002837,1414276136002837
54,2,5,1414276136003254,1414276136003254
54,2,5,1414276136003670,1414276136003670
54,2,5,1414276136004087,1414276136004087
54,2,0,1414276136004504,1414276136004504
54,2,5,1414276136004921,1414276136004921
54,2,0,1414276136005338,1414276136005338
54,2,-2,1414276136005754,1414276136005754
54,2,3,1414276136006171,1414276136006171
54,2,7,1414276136006588,1414276136006588
54,2,2,1414276136007004,1414276136007004
54,2,2,1414276136007421,1414276136007421
54,2,5,1414276136007838,1414276136007838
54,2,-1,1414276136008255,1414276136008255
54,2,-7,1414276136008672,1414276136008672
54,2,-15,1414276136009088,1414276136009088
54,2,3,1414276136009505,1414276136009505
54,2,-1,1414276136009922,1414276136009922
54,2,-1,1414276136010338,1414276136010338
54,2,-1,1414276136010755,1414276136010755
54,2,-2,1414276136188227,1414276136188227
54,2,1,1414276136188644,1414276136188644
54,2,-2,1414276136189060,1414276136189060
54,2,4,1414276136189477,1414276136189477
54,2,6,1414276136189894,1414276136189894
54,2,6,1414276136190311,1414276136190311
54,2,-1,1414276136190728,1414276136190728
54,2,2,1414276136191144,1414276136191144
54,2,6,1414276136191561,1414276136191561
54,2,6,1414276136191978,1414276136191978
54,2,4,1414276136192394,1414276136192394
54,2,-2,1414276136192811,1414276136192811
54,2,-2,1414276136193228,1414276136193228
54,2,6,1414276136193645,1414276136193645
54,2,16,1414276136194062,1414276136194062
54,2,16,1414276136194478,1414276136194478
54,2,-2,1414276136194895,1414276136194895
54,2,1,1414276136195312,1414276136195312
54,2,2,1414276136195728,1414276136195728
54,2,-2,1414276136196145,1414276136196145
54,2,3,1414276136196562,1414276136196562
54,2,5,1414276136196979,1414276136196979
54,2,2,1414276136197396,1414276136197396
54,2,-4,1414276136197812,1414276136197812
54,2,3,1414276136198229,1414276136198229
54,2,-2,1414276136198646,1414276136198646
54,2,5,1414276136199062,1414276136199062
54,2,-5,1414276136199479,1414276136199479
54,2,-2,1414276136199896,1414276136199896
54,2,-2,1414276136200313,1414276136200313
54,2,-1,1414276136200730,1414276136200730
54,2,11,1414276136201146,1414276136201146
54,2,3,1414276136201563,1414276136201563
54,2,-2,1414276136201980,1414276136201980
54,2,-16,1414276136202396,1414276136202396
54,2,-6,1414276136202813,1414276136202813
54,2,5,1414276136203230,1414276136203230
54,2,1,1414276136203647,1414276136203647
54,2,2,1414276136204064,1414276136204064
54,2,2,1414276136204480,1414276136204480
54,2,4,1414276136204897,1414276136204897
54,2,2,1414276136205314,1414276136205314
54,2,6,1414276136205730,1414276136205730
54,2,4,1414276136206147,1414276136206147
54,2,2,1414276136206564,1414276136206564
54,2,5,1414276136206981,1414276136206981
54,2,2,1414276136207398,1414276136207398
54,2,5,1414276136207814,1414276136207814
54,2,7,1414276136208231,1414276136208231
54,2,2,1414276136208648,1414276136208648
54,2,1,1414276136209064,1414276136209064
54,2,6,1414276136209481,1414276136209481
54,2,10,1414276136209898,1414276136209898
54,2,2,1414276136210315,1414276136210315
54,2,14,1414276136210732,1414276136210732
54,2,9,1414276136211148,1414276136211148
54,2,0,1414276136211565,1414276136211565
54,2,3,1414276136211982,1414276136211982
54,2,1,1414276136212398,1414276136212398
54,2,-8,1414276136212815,1414276136212815
54,2,-1,1414276136213232,1414276136213232
54,2,6,1414276136213649,1414276136213649
54,2,-1,1414276136214066,1414276136214066
54,2,-3,1414276136214482,1414276136214482
54,2,0,1414276136214899,1414276136214899
54,2,2,1414276136215316,1414276136215316
54,2,1,1414276136215732,1414276136215732
54,2,6,1414276136216149,1414276136216149
54,2,2,1414276136216566,1414276136216566
54,2,2,1414276136216983,1414276136216983
54,2,4,1414276136217400,1414276136217400
54,2,-7,1414276136217816,1414276136217816
54,2,-2,1414276136218233,1414276136218233
54,2,4,1414276136218650,1414276136218650
54,2,-9,1414276136219066,1414276136219066
54,2,-14,1414276136219483,1414276136219483
54,2,2,1414276136219900,1414276136219900
54,2,2,1414276136220317,1414276136220317
54,2,-1,1414276136220734,1414276136220734
54,2,0,1414276136221150,1414276136221150
54,2,4,1414276136221567,1414276136221567
54,2,2,1414276136221984,1414276136221984
54,2,-2,1414276136222400,1414276136222400
54,2,0,1414276136222817,1414276136222817
54,2,4,1414276136223234,1414276136223234
54,2,3,1414276136223651,1414276136223651
54,2,8,1414276136224068,1414276136224068
54,2,7,1414276136224484,1414276136224484
54,2,1,1414276136224901,1414276136224901
54,2,4,1414276136225318,1414276136225318
54,2,2,1414276136225734,1414276136225734
54,2,5,1414276136226151,1414276136226151
54,2,7,1414276136226568,1414276136226568
54,2,2,1414276136226985,1414276136226985
54,2,6,1414276136227402,1414276136227402
54,2,9,1414276136227818,1414276136227818
54,2,6,1414276136228235,1414276136228235
54,2,3,1414276136228652,1414276136228652
54,2,1,1414276136229068,1414276136229068
54,2,-5,1414276136229485,1414276136229485
54,2,0,1414276136229902,1414276136229902
54,2,2,1414276136230319,1414276136230319
54,2,5,1414276136230736,1414276136230736
54,2,2,1414276136231152,1414276136231152
54,2,5,1414276136231569,1414276136231569
54,2,-1,1414276136231986,1414276136231986
54,2,-1,1414276136232402,1414276136232402
54,2,7,1414276136232819,1414276136232819
54,2,3,1414276136233236,1414276136233236
54,2,4,1414276136233653,1414276136233653
54,2,-1,1414276136234070,1414276136234070
54,2,-2,1414276136234486,1414276136234486
54,2,5,1414276136234903,1414276136234903
54,2,-1,1414276136235320,1414276136235320
54,2,-6,1414276136235736,1414276136235736
54,2,-11,1414276136236153,1414276136236153
54,2,-7,1414276136236570,1414276136236570
54,2,3,1414276136236987,1414276136236987
54,2,0,1414276136237404,1414276136237404
54,2,2,1414276136237820,1414276136237820
54,2,2,1414276136238237,1414276136238237
54,2,6,1414276136238654,1414276136238654
54,2,-2,1414276136239070,1414276136239070
54,2,6,1414276136239487,1414276136239487
54,2,-1,1414276136239904,1414276136239904
54,2,4,1414276136240321,1414276136240321
54,2,6,1414276136240738,1414276136240738
54,2,1,1414276136241154,1414276136241154
54,2,-5,1414276136241571,1414276136241571
54,2,5,1414276136241988,1414276136241988
54,2,3,1414276136242404,1414276136242404
54,2,0,1414276136242821,1414276136242821
54,2,3,1414276136243238,1414276136243238
54,2,2,1414276136243655,1414276136243655
54,2,3,1414276136244072,1414276136244072
54,2,3,1414276136244488,1414276136244488
54,2,8,1414276136244905,1414276136244905
54,2,7,1414276136245322,1414276136245322
54,2,2,1414276136245738,1414276136245738
54,2,0,1414276136246155,1414276136246155
54,2,2,1414276136246572,1414276136246572
54,2,-2,1414276136246989,1414276136246989
54,2,3,1414276136247406,1414276136247406
54,2,6,1414276136247822,1414276136247822
54,2,8,1414276136248239,1414276136248239
54,2,6,1414276136248656,1414276136248656
54,2,2,1414276136249072,1414276136249072
54,2,7,1414276136249489,1414276136249489
54,2,3,1414276136249906,1414276136249906
54,2,3,1414276136250323,1414276136250323
54,2,3,1414276136250740,1414276136250740
54,2,3,1414276136251156,1414276136251156
54,2,6,1414276136251573,1414276136251573
54,2,1,1414276136251990,1414276136251990
54,2,0,1414276136252406,1414276136252406
54,2,0,1414276136252823,1414276136252823
54,2,-16,1414276136253240,1414276136253240
54,2,-9,1414276136253657,1414276136253657
54,2,-2,1414276136254074,1414276136254074
54,2,-4,1414276136254490,1414276136254490
54,2,0,1414276136254907,1414276136254907
54,2,-2,1414276136255324,1414276136255324
54,2,3,1414276136255740,1414276136255740
54,2,5,1414276136256157,1414276136256157
54,2,4,1414276136256574,1414276136256574
54,2,3,1414276136256991,1414276136256991
54,2,8,1414276136257408,1414276136257408
54,2,7,1414276136257824,1414276136257824
54,2,6,1414276136258241,1414276136258241
54,2,5,1414276136258658,1414276136258658
54,2,5,1414276136259074,1414276136259074
54,2,6,1414276136259491,1414276136259491
54,2,3,1414276136259908,1414276136259908
54,2,2,1414276136260325,1414276136260325
54,2,0,1414276136260742,1414276136260742
54,2,-1,1414276136261158,1414276136261158
54,2,14,1414276136261575,1414276136261575
54,2,15,1414276136261992,1414276136261992
54,2,3,1414276136262408,1414276136262408
54,2,6,1414276136262825,1414276136262825
54,2,-2,1414276136263242,1414276136263242
54,2,3,1414276136263659,1414276136263659
54,2,1,1414276136264076,1414276136264076
54,2,3,1414276136264492,1414276136264492
54,2,5,1414276136264909,1414276136264909
54,2,0,1414276136265326,1414276136265326
54,2,-2,1414276136265742,1414276136265742
54,2,-2,1414276136266159,1414276136266159
54,2,2,1414276136266576,1414276136266576
54,2,6,1414276136266993,1414276136266993
54,2,4,1414276136267410,1414276136267410
54,2,2,1414276136267826,1414276136267826
54,2,1,1414276136268243,1414276136268243
54,2,2,1414276136268660,1414276136268660
54,2,0,1414276136269076,1414276136269076
54,2,-2,1414276136269493,1414276136269493
54,2,-9,1414276136269910,1414276136269910
54,2,-5,1414276136270327,1414276136270327
54,2,1,1414276136270744,1414276136270744
54,2,-1,1414276136271160,1414276136271160
54,2,-1,1414276136434333,1414276136434333
54,2,1,1414276136434750,1414276136434750
54,2,2,1414276136435166,1414276136435166
54,2,11,1414276136435583,1414276136435583
54,2,2,1414276136436000,1414276136436000
54,2,0,1414276136436417,1414276136436417
54,2,0,1414276136436834,1414276136436834
54,2,0,1414276136437250,1414276136437250
54,2,1,1414276136437667,1414276136437667
54,2,-2,1414276136438084,1414276136438084
54,2,2,1414276136438500,1414276136438500
54,2,6,1414276136438917,1414276136438917
54,2,3,1414276136439334,1414276136439334
54,2,3,1414276136439751,1414276136439751
54,2,2,1414276136440168,1414276136440168
54,2,2,1414276136440584,1414276136440584
54,2,11,1414276136441001,1414276136441001
54,2,7,1414276136441418,1414276136441418
54,2,2,1414276136441834,1414276136441834
54,2,5,1414276136442251,1414276136442251
54,2,7,1414276136442668,1414276136442668
54,2,2,1414276136443085,1414276136443085
54,2,-2,1414276136443502,1414276136443502
54,2,-2,1414276136443918,1414276136443918
54,2,4,1414276136444335,1414276136444335
54,2,-4,1414276136444752,1414276136444752
54,2,7,1414276136445168,1414276136445168
54,2,-2,1414276136445585,1414276136445585
54,2,0,1414276136446002,1414276136446002
54,2,-1,1414276136446419,1414276136446419
54,2,-1,1414276136446836,1414276136446836
54,2,2,1414276136447252,1414276136447252
54,2,-2,1414276136447669,1414276136447669
54,2,2,1414276136448086,1414276136448086
54,2,0,1414276136448502,1414276136448502
54,2,0,1414276136448919,1414276136448919
54,2,-16,1414276136449336,1414276136449336
54,2,6,1414276136449753,1414276136449753
54,2,3,1414276136450170,1414276136450170
54,2,-2,1414276136450586,1414276136450586
54,2,-1,1414276136451003,1414276136451003
54,2,4,1414276136451420,1414276136451420
54,2,4,1414276136451836,1414276136451836
54,2,5,1414276136452253,1414276136452253
54,2,2,1414276136452670,1414276136452670
54,2,6,1414276136453087,1414276136453087
54,2,4,1414276136453504,1414276136453504
54,2,4,1414276136453920,1414276136453920
54,2,2,1414276136454337,1414276136454337
54,2,8,1414276136454754,1414276136454754
54,2,2,1414276136455170,1414276136455170
54,2,2,1414276136455587,1414276136455587
54,2,2,1414276136456004,1414276136456004
54,2,3,1414276136456421,1414276136456421
54,2,1,1414276136456838,1414276136456838
54,2,12,1414276136457254,1414276136457254
54,2,8,1414276136457671,1414276136457671
54,2,2,1414276136458088,1414276136458088
54,2,7,1414276136458504,1414276136458504
54,2,2,1414276136458921,1414276136458921
54,2,4,1414276136459338,1414276136459338
54,2,4,1414276136459755,1414276136459755
54,2,1,1414276136460172,1414276136460172
54,2,-7,1414276136460588,1414276136460588
54,2,-7,1414276136461005,1414276136461005
54,2,-6,1414276136461422,1414276136461422
54,2,-6,1414276136461838,1414276136461838
54,2,5,1414276136462255,1414276136462255
54,2,-3,1414276136462672,1414276136462672
54,2,-1,1414276136463089,1414276136463089
54,2,-1,1414276136463506,1414276136463506
54,2,1,1414276136463922,1414276136463922
54,2,-7,1414276136464339,1414276136464339
54,2,-2,1414276136464756,1414276136464756
54,2,2,1414276136465172,1414276136465172
54,2,-12,1414276136465589,1414276136465589
54,2,-5,1414276136466006,1414276136466006
54,2,1,1414276136466423,1414276136466423
54,2,2,1414276136466840,1414276136466840
54,2,0,1414276136467256,1414276136467256
54,2,0,1414276136467673,1414276136467673
54,2,2,1414276136468090,1414276136468090
54,2,3,1414276136468506,1414276136468506
54,2,7,1414276136468923,1414276136468923
54,2,6,1414276136469340,1414276136469340
54,2,6,1414276136469757,1414276136469757
54,2,6,1414276136470174,1414276136470174
54,2,-2,1414276136470590,1414276136470590
54,2,-2,1414276136471007,1414276136471007
54,2,2,1414276136471424,1414276136471424
54,2,5,1414276136471840,1414276136471840
54,2,2,1414276136472257,1414276136472257
54,2,6,1414276136472674,1414276136472674
54,2,2,1414276136473091,1414276136473091
54,2,9,1414276136473508,1414276136473508
54,2,16,1414276136473924,1414276136473924
54,2,0,1414276136474341,1414276136474341
54,2,-2,1414276136474758,1414276136474758
54,2,-1,1414276136475174,1414276136475174
54,2,3,1414276136475591,1414276136475591
54,2,6,1414276136476008,1414276136476008
54,2,3,1414276136476425,1414276136476425
54,2,-2,1414276136476842,1414276136476842
54,2,-5,1414276136477258,1414276136477258
54,2,5,1414276136477675,1414276136477675
54,2,2,1414276136478092,1414276136478092
54,2,5,1414276136478508,1414276136478508
54,2,-1,1414276136478925,1414276136478925
54,2,4,1414276136479342,1414276136479342
54,2,0,1414276136479759,1414276136479759
54,2,0,1414276136480176,1414276136480176
54,2,2,1414276136480592,1414276136480592
54,2,0,1414276136481009,1414276136481009
54,2,2,1414276136481426,1414276136481426
54,2,-13,1414276136481842,1414276136481842
54,2,-9,1414276136482259,1414276136482259
54,2,2,1414276136482676,1414276136482676
54,2,2,1414276136483093,1414276136483093
54,2,1,1414276136483510,1414276136483510
54,2,-2,1414276136483926,1414276136483926
54,2,9,1414276136484343,1414276136484343
54,2,1,1414276136484760,1414276136484760
54,2,1,1414276136485176,1414276136485176
54,2,0,1414276136485593,1414276136485593
54,2,6,1414276136486010,1414276136486010
54,2,6,1414276136486427,1414276136486427
54,2,-1,1414276136486844,1414276136486844
54,2,-2,1414276136487260,1414276136487260
54,2,8,1414276136487677,1414276136487677
54,2,8,1414276136488094,1414276136488094
54,2,2,1414276136488510,1414276136488510
54,2,5,1414276136488927,1414276136488927
54,2,6,1414276136489344,1414276136489344
54,2,3,1414276136489761,1414276136489761
54,2,11,1414276136490178,1414276136490178
54,2,12,1414276136490594,1414276136490594
54,2,-2,1414276136491011,1414276136491011
54,2,-2,1414276136491428,1414276136491428
54,2,-5,1414276136491844,1414276136491844
54,2,0,1414276136492261,1414276136492261
54,2,2,1414276136492678,1414276136492678
54,2,-5,1414276136493095,1414276136493095
54,2,4,1414276136493512,1414276136493512
54,2,-2,1414276136493928,1414276136493928
54,2,6,1414276136494345,1414276136494345
54,2,2,1414276136494762,1414276136494762
54,2,5,1414276136495178,1414276136495178
54,2,8,1414276136495595,1414276136495595
54,2,-1,1414276136496012,1414276136496012
54,2,4,1414276136496429,1414276136496429
54,2,6,1414276136496846,1414276136496846
54,2,-2,1414276136497262,1414276136497262
54,2,8,1414276136497679,1414276136497679
54,2,2,1414276136498096,1414276136498096
54,2,-9,1414276136498512,1414276136498512
54,2,-15,1414276136498929,1414276136498929
54,2,2,1414276136499346,1414276136499346
54,2,2,1414276136499763,1414276136499763
54,2,-1,1414276136500180,1414276136500180
54,2,1,1414276136500596,1414276136500596
54,2,0,1414276136501013,1414276136501013
54,2,8,1414276136501430,1414276136501430
54,2,1,1414276136501846,1414276136501846
54,2,4,1414276136502263,1414276136502263
54,2,5,1414276136502680,1414276136502680
54,2,1,1414276136503097,1414276136503097
54,2,0,1414276136503514,1414276136503514
54,2,6,1414276136503930,1414276136503930
54,2,5,1414276136504347,1414276136504347
54,2,1,1414276136504764,1414276136504764
54,2,3,1414276136505180,1414276136505180
54,2,1,1414276136505597,1414276136505597
54,2,1,1414276136506014,1414276136506014
54,2,1,1414276136506431,1414276136506431
54,2,2,1414276136506848,1414276136506848
54,2,14,1414276136507264,1414276136507264
54,2,5,1414276136507681,1414276136507681
54,2,6,1414276136508098,1414276136508098
54,2,0,1414276136508514,1414276136508514
54,2,2,1414276136508931,1414276136508931
54,2,2,1414276136509348,1414276136509348
54,2,3,1414276136509765,1414276136509765
54,2,2,1414276136510182,1414276136510182
54,2,2,1414276136510598,1414276136510598
54,2,7,1414276136511015,1414276136511015
54,2,-1,1414276136511432,1414276136511432
54,2,-5,1414276136511848,1414276136511848
54,2,0,1414276136512265,1414276136512265
54,2,1,1414276136512682,1414276136512682
54,2,7,1414276136513099,1414276136513099
54,2,9,1414276136513516,1414276136513516
54,2,-2,1414276136513932,1414276136513932
54,2,6,1414276136514349,1414276136514349
54,2,0,1414276136514766,1414276136514766
54,2,2,1414276136515182,1414276136515182
54,2,-15,1414276136515599,1414276136515599
54,2,-4,1414276136516016,1414276136516016
54,2,5,1414276136516433,1414276136516433
54,2,1,1414276136516850,1414276136516850
54,2,6,1414276136517266,1414276136517266
54,2,6,1414276136769853,1414276136769853
54,2,-1,1414276136770270,1414276136770270
54,2,4,1414276136770686,1414276136770686
54,2,10,1414276136771103,1414276136771103
54,2,2,1414276136771520,1414276136771520
54,2,2,1414276136771937,1414276136771937
54,2,6,1414276136772354,1414276136772354
54,2,10,1414276136772770,1414276136772770
54,2,5,1414276136773187,1414276136773187
54,2,2,1414276136773604,1414276136773604
54,2,2,1414276136774020,1414276136774020
54,2,6,1414276136774437,1414276136774437
54,2,2,1414276136774854,1414276136774854
54,2,-2,1414276136775271,1414276136775271
54,2,-2,1414276136775688,1414276136775688
54,2,13,1414276136776104,1414276136776104
54,2,14,1414276136776521,1414276136776521
54,2,2,1414276136776938,1414276136776938
54,2,3,1414276136777354,1414276136777354
54,2,5,1414276136777771,1414276136777771
54,2,3,1414276136778188,1414276136778188
54,2,-1,1414276136778605,1414276136778605
54,2,2,1414276136779022,1414276136779022
54,2,3,1414276136779438,1414276136779438
54,2,0,1414276136779855,1414276136779855
54,2,1,1414276136780272,1414276136780272
54,2,2,1414276136780688,1414276136780688
54,2,0,1414276136781105,1414276136781105
54,2,-3,1414276136781522,1414276136781522
54,2,0,1414276136781939,1414276136781939
54,2,-2,1414276136782356,1414276136782356
54,2,2,1414276136782772,1414276136782772
54,2,2,1414276136783189,1414276136783189
54,2,7,1414276136783606,1414276136783606
54,2,0,1414276136784022,1414276136784022
54,2,-14,1414276136784439,1414276136784439
54,2,-14,1414276136784856,1414276136784856
54,2,0,1414276136785273,1414276136785273
54,2,3,1414276136785690,1414276136785690
54,2,0,1414276136786106,1414276136786106
54,2,-2,1414276136786523,1414276136786523
54,2,4,1414276136786940,1414276136786940
54,2,-2,1414276136787356,1414276136787356
54,2,10,1414276136787773,1414276136787773
54,2,-7,1414276136788190,1414276136788190
54,2,6,1414276136788607,1414276136788607
54,2,5,1414276136789024,1414276136789024
54,2,4,1414276136789440,1414276136789440
54,2,2,1414276136789857,1414276136789857
54,2,2,1414276136790274,1414276136790274
54,2,1,1414276136790690,1414276136790690
54,2,-1,1414276136791107,1414276136791107
54,2,-3,1414276136791524,1414276136791524
54,2,3,1414276136791941,1414276136791941
54,2,7,1414276136792358,1414276136792358
54,2,3,1414276136792774,1414276136792774
54,2,13,1414276136793191,1414276136793191
54,2,5,1414276136793608,1414276136793608
54,2,1,1414276136794024,1414276136794024
54,2,2,1414276136794441,1414276136794441
54,2,-2,1414276136794858,1414276136794858
54,2,-5,1414276136795275,1414276136795275
54,2,-4,1414276136795692,1414276136795692
54,2,2,1414276136796108,1414276136796108
54,2,6,1414276136796525,1414276136796525
54,2,1,1414276136796942,1414276136796942
54,2,6,1414276136797358,1414276136797358
54,2,-1,1414276136797775,1414276136797775
54,2,-1,1414276136798192,1414276136798192
54,2,2,1414276136798609,1414276136798609
54,2,7,1414276136799026,1414276136799026
54,2,-2,1414276136799442,1414276136799442
54,2,6,1414276136799859,1414276136799859
54,2,5,1414276136800276,1414276136800276
54,2,-4,1414276136800692,1414276136800692
54,2,-1,1414276136801109,1414276136801109
54,2,-16,1414276136801526,1414276136801526
54,2,-1,1414276136801943,1414276136801943
54,2,6,1414276136802360,1414276136802360
54,2,3,1414276136802776,1414276136802776
54,2,-2,1414276136803193,1414276136803193
54,2,4,1414276136803610,1414276136803610
54,2,3,1414276136804026,1414276136804026
54,2,2,1414276136804443,1414276136804443
54,2,2,1414276136804860,1414276136804860
54,2,7,1414276136805277,1414276136805277
54,2,6,1414276136805694,1414276136805694
54,2,3,1414276136806110,1414276136806110
54,2,3,1414276136806527,1414276136806527
54,2,-2,1414276136806944,1414276136806944
54,2,2,1414276136807360,1414276136807360
54,2,4,1414276136807777,1414276136807777
54,2,-1,1414276136808194,1414276136808194
54,2,7,1414276136808611,1414276136808611
54,2,10,1414276136809028,1414276136809028
54,2,8,1414276136809444,1414276136809444
54,2,13,1414276136809861,1414276136809861
54,2,1,1414276136810278,1414276136810278
54,2,-2,1414276136810694,1414276136810694
54,2,3,1414276136811111,1414276136811111
54,2,2,1414276136811528,1414276136811528
54,2,2,1414276136811945,1414276136811945
54,2,0,1414276136812362,1414276136812362
54,2,-2,1414276136812778,1414276136812778
54,2,4,1414276136813195,1414276136813195
54,2,5,1414276136813612,1414276136813612
54,2,3,1414276136814028,1414276136814028
54,2,1,1414276136814445,1414276136814445
54,2,3,1414276136814862,1414276136814862
54,2,-2,1414276136815279,1414276136815279
54,2,3,1414276136815696,1414276136815696
54,2,2,1414276136816112,1414276136816112
54,2,0,1414276136816529,1414276136816529
54,2,1,1414276136816946,1414276136816946
54,2,-1,1414276136817362,1414276136817362
54,2,-9,1414276136817779,1414276136817779
54,2,-9,1414276136818196,1414276136818196
54,2,7,1414276136818613,1414276136818613
54,2,3,1414276136819030,1414276136819030
54,2,3,1414276136819446,1414276136819446
54,2,-1,1414276136819863,1414276136819863
54,2,4,1414276136820280,1414276136820280
54,2,0,1414276136820696,1414276136820696
54,2,7,1414276136821113,1414276136821113
54,2,0,1414276136821530,1414276136821530
54,2,7,1414276136821947,1414276136821947
54,2,2,1414276136822364,1414276136822364
54,2,1,1414276136822780,1414276136822780
54,2,4,1414276136823197,1414276136823197
54,2,2,1414276136823614,1414276136823614
54,2,-1,1414276136824030,1414276136824030
54,2,6,1414276136824447,1414276136824447
54,2,0,1414276136824864,1414276136824864
54,2,2,1414276136825281,1414276136825281
54,2,6,1414276136825698,1414276136825698
54,2,13,1414276136826114,1414276136826114
54,2,9,1414276136826531,1414276136826531
54,2,6,1414276136826948,1414276136826948
54,2,7,1414276136827364,1414276136827364
54,2,7,1414276136827781,1414276136827781
54,2,3,1414276136828198,1414276136828198
54,2,6,1414276136828615,1414276136828615
54,2,2,1414276136829032,1414276136829032
54,2,-1,1414276136829448,1414276136829448
54,2,8,1414276136829865,1414276136829865
54,2,5,1414276136830282,1414276136830282
54,2,2,1414276136830698,1414276136830698
54,2,2,1414276136831115,1414276136831115
54,2,3,1414276136831532,1414276136831532
54,2,2,1414276136831949,1414276136831949
54,2,6,1414276136832366,1414276136832366
54,2,2,1414276136832782,1414276136832782
54,2,-1,1414276136833199,1414276136833199
54,2,7,1414276136833616,1414276136833616
54,2,2,1414276136834032,1414276136834032
54,2,-9,1414276136834449,1414276136834449
54,2,-6,1414276136834866,1414276136834866
54,2,0,1414276136835283,1414276136835283
54,2,1,1414276136835700,1414276136835700
54,2,-2,1414276136836116,1414276136836116
54,2,4,1414276136836533,1414276136836533
54,2,-2,1414276136836950,1414276136836950
54,2,2,1414276136837366,1414276136837366
54,2,2,1414276136837783,1414276136837783
54,2,2,1414276136838200,1414276136838200
54,2,2,1414276136838617,1414276136838617
54,2,6,1414276136839034,1414276136839034
54,2,-2,1414276136839450,1414276136839450
54,2,3,1414276136839867,1414276136839867
54,2,6,1414276136840284,1414276136840284
54,2,5,1414276136840700,1414276136840700
54,2,3,1414276136841117,1414276136841117
54,2,2,1414276136841534,1414276136841534
54,2,2,1414276136841951,1414276136841951
54,2,8,1414276136842368,1414276136842368
54,2,17,1414276136842784,1414276136842784
54,2,3,1414276136843201,1414276136843201
54,2,3,1414276136843618,1414276136843618
54,2,2,1414276136844034,1414276136844034
54,2,-4,1414276136844451,1414276136844451
54,2,-9,1414276136844868,1414276136844868
54,2,-3,1414276136845285,1414276136845285
54,2,5,1414276136845702,1414276136845702
54,2,-1,1414276136846118,1414276136846118
54,2,-1,1414276136846535,1414276136846535
54,2,0,1414276136846952,1414276136846952
54,2,2,1414276136847368,1414276136847368
54,2,-6,1414276136847785,1414276136847785
54,2,0,1414276136848202,1414276136848202
54,2,5,1414276136848619,1414276136848619
54,2,-1,1414276136849036,1414276136849036
54,2,-1,1414276136849452,1414276136849452
54,2,-1,1414276136849869,1414276136849869
54,2,2,1414276136850286,1414276136850286
54,2,0,1414276136850702,1414276136850702
54,2,-10,1414276136851119,1414276136851119
54,2,-1,1414276136851536,1414276136851536
54,2,1,1414276136851953,1414276136851953
54,2,3,1414276136852370,1414276136852370
54,2,3,1414276136852786,1414276136852786
54,2,6,1414276137042531,1414276137042531
54,2,2,1414276137042948,1414276137042948
54,2,4,1414276137043364,1414276137043364
54,2,3,1414276137043781,1414276137043781
54,2,6,1414276137044198,1414276137044198
54,2,8,1414276137044615,1414276137044615
54,2,-5,1414276137045032,1414276137045032
54,2,1,1414276137045448,1414276137045448
54,2,4,1414276137045865,1414276137045865
54,2,6,1414276137046282,1414276137046282
54,2,2,1414276137046698,1414276137046698
54,2,6,1414276137047115,1414276137047115
54,2,3,1414276137047532,1414276137047532
54,2,2,1414276137047949,1414276137047949
54,2,-1,1414276137048366,1414276137048366
54,2,8,1414276137048782,1414276137048782
54,2,7,1414276137049199,1414276137049199
54,2,2,1414276137049616,1414276137049616
54,2,0,1414276137050032,1414276137050032
54,2,3,1414276137050449,1414276137050449
54,2,2,1414276137050866,1414276137050866
54,2,7,1414276137051283,1414276137051283
54,2,2,1414276137051700,1414276137051700
54,2,10,1414276137052116,1414276137052116
54,2,7,1414276137052533,1414276137052533
54,2,3,1414276137052950,1414276137052950
54,2,3,1414276137053366,1414276137053366
54,2,1,1414276137053783,1414276137053783
54,2,1,1414276137054200,1414276137054200
54,2,1,1414276137054617,1414276137054617
54,2,-2,1414276137055034,1414276137055034
54,2,2,1414276137055450,1414276137055450
54,2,7,1414276137055867,1414276137055867
54,2,2,1414276137056284,1414276137056284
54,2,-5,1414276137056700,1414276137056700
54,2,-16,1414276137057117,1414276137057117
54,2,-5,1414276137057534,1414276137057534
54,2,2,1414276137057951,1414276137057951
54,2,-5,1414276137058368,1414276137058368
54,2,-5,1414276137058784,1414276137058784
54,2,6,1414276137059201,1414276137059201
54,2,2,1414276137059618,1414276137059618
54,2,8,1414276137060034,1414276137060034
54,2,2,1414276137060451,1414276137060451
54,2,7,1414276137060868,1414276137060868
54,2,0,1414276137061285,1414276137061285
54,2,4,1414276137061702,1414276137061702
54,2,2,1414276137062118,1414276137062118
54,2,-1,1414276137062535,1414276137062535
54,2,6,1414276137062952,1414276137062952
54,2,-1,1414276137063368,1414276137063368
54,2,4,1414276137063785,1414276137063785
54,2,2,1414276137064202,1414276137064202
54,2,6,1414276137064619,1414276137064619
54,2,4,1414276137065036,1414276137065036
54,2,6,1414276137065452,1414276137065452
54,2,10,1414276137065869,1414276137065869
54,2,1,1414276137066286,1414276137066286
54,2,-1,1414276137066702,1414276137066702
54,2,0,1414276137067119,1414276137067119
54,2,4,1414276137067536,1414276137067536
54,2,6,1414276137067953,1414276137067953
54,2,3,1414276137068370,1414276137068370
54,2,9,1414276137068786,1414276137068786
54,2,-2,1414276137069203,1414276137069203
54,2,-1,1414276137069620,1414276137069620
54,2,2,1414276137070036,1414276137070036
54,2,1,1414276137070453,1414276137070453
54,2,1,1414276137070870,1414276137070870
54,2,0,1414276137071287,1414276137071287
54,2,2,1414276137071704,1414276137071704
54,2,0,1414276137072120,1414276137072120
54,2,-1,1414276137072537,1414276137072537
54,2,-1,1414276137072954,1414276137072954
54,2,5,1414276137073370,1414276137073370
54,2,-19,1414276137073787,1414276137073787
54,2,-8,1414276137074204,1414276137074204
54,2,-2,1414276137074621,1414276137074621
54,2,5,1414276137075038,1414276137075038
54,2,2,1414276137075454,1414276137075454
54,2,3,1414276137075871,1414276137075871
54,2,2,1414276137076288,1414276137076288
54,2,2,1414276137076704,1414276137076704
54,2,2,1414276137077121,1414276137077121
54,2,4,1414276137077538,1414276137077538
54,2,3,1414276137077955,1414276137077955
54,2,6,1414276137078372,1414276137078372
54,2,4,1414276137078788,1414276137078788
54,2,-2,1414276137079205,1414276137079205
54,2,-1,1414276137079622,1414276137079622
54,2,-5,1414276137080038,1414276137080038
54,2,-2,1414276137080455,1414276137080455
54,2,-1,1414276137080872,1414276137080872
54,2,3,1414276137081289,1414276137081289
54,2,3,1414276137081706,1414276137081706
54,2,2,1414276137082122,1414276137082122
54,2,7,1414276137082539,1414276137082539
54,2,15,1414276137082956,1414276137082956
54,2,5,1414276137083372,1414276137083372
54,2,6,1414276137083789,1414276137083789
54,2,5,1414276137084206,1414276137084206
54,2,3,1414276137084623,1414276137084623
54,2,2,1414276137085040,1414276137085040
54,2,2,1414276137085456,1414276137085456
54,2,3,1414276137085873,1414276137085873
54,2,4,1414276137086290,1414276137086290
54,2,-3,1414276137086706,1414276137086706
54,2,-5,1414276137087123,1414276137087123
54,2,-6,1414276137087540,1414276137087540
54,2,-2,1414276137087957,1414276137087957
54,2,2,1414276137088374,1414276137088374
54,2,1,1414276137088790,1414276137088790
54,2,3,1414276137089207,1414276137089207
54,2,1,1414276137089624,1414276137089624
54,2,3,1414276137090040,1414276137090040
54,2,0,1414276137090457,1414276137090457
54,2,-5,1414276137090874,1414276137090874
54,2,-15,1414276137091291,1414276137091291
54,2,1,1414276137091708,1414276137091708
54,2,7,1414276137092124,1414276137092124
54,2,3,1414276137092541,1414276137092541
54,2,0,1414276137092958,1414276137092958
54,2,-1,1414276137093374,1414276137093374
54,2,-1,1414276137093791,1414276137093791
54,2,6,1414276137094208,1414276137094208
54,2,8,1414276137094625,1414276137094625
54,2,1,1414276137095042,1414276137095042
54,2,6,1414276137095458,1414276137095458
54,2,2,1414276137095875,1414276137095875
54,2,2,1414276137096292,1414276137096292
54,2,4,1414276137096708,1414276137096708
54,2,10,1414276137097125,1414276137097125
54,2,-1,1414276137097542,1414276137097542
54,2,2,1414276137097959,1414276137097959
54,2,0,1414276137098376,1414276137098376
54,2,-1,1414276137098792,1414276137098792
54,2,-8,1414276137099209,1414276137099209
54,2,14,1414276137099626,1414276137099626
54,2,9,1414276137100042,1414276137100042
54,2,-1,1414276137100459,1414276137100459
54,2,3,1414276137100876,1414276137100876
54,2,2,1414276137101293,1414276137101293
54,2,2,1414276137101710,1414276137101710
54,2,-5,1414276137102126,1414276137102126
54,2,2,1414276137102543,1414276137102543
54,2,-2,1414276137102960,1414276137102960
54,2,-1,1414276137103376,1414276137103376
54,2,0,1414276137103793,1414276137103793
54,2,2,1414276137104210,1414276137104210
54,2,6,1414276137104627,1414276137104627
54,2,-7,1414276137105044,1414276137105044
54,2,-3,1414276137105460,1414276137105460
54,2,5,1414276137105877,1414276137105877
54,2,1,1414276137106294,1414276137106294
54,2,-1,1414276137106710,1414276137106710
54,2,4,1414276137107127,1414276137107127
54,2,-5,1414276137107544,1414276137107544
54,2,-18,1414276137107961,1414276137107961
54,2,-4,1414276137108378,1414276137108378
54,2,-1,1414276137108794,1414276137108794
54,2,3,1414276137109211,1414276137109211
54,2,0,1414276137109628,1414276137109628
54,2,1,1414276137110044,1414276137110044
54,2,-3,1414276137110461,1414276137110461
54,2,-1,1414276137110878,1414276137110878
54,2,0,1414276137111295,1414276137111295
54,2,0,1414276137111712,1414276137111712
54,2,7,1414276137112128,1414276137112128
54,2,3,1414276137112545,1414276137112545
54,2,-5,1414276137112962,1414276137112962
54,2,7,1414276137113378,1414276137113378
54,2,1,1414276137113795,1414276137113795
54,2,6,1414276137114212,1414276137114212
54,2,0,1414276137114629,1414276137114629
54,2,3,1414276137115046,1414276137115046
54,2,1,1414276137115462,1414276137115462
54,2,2,1414276137115879,1414276137115879
54,2,13,1414276137116296,1414276137116296
54,2,-2,1414276137116712,1414276137116712
54,2,0,1414276137117129,1414276137117129
54,2,-1,1414276137117546,1414276137117546
54,2,6,1414276137117963,1414276137117963
54,2,2,1414276137118380,1414276137118380
54,2,-1,1414276137118796,1414276137118796
54,2,-2,1414276137119213,1414276137119213
54,2,2,1414276137119630,1414276137119630
54,2,-5,1414276137120046,1414276137120046
54,2,2,1414276137120463,1414276137120463
54,2,-4,1414276137120880,1414276137120880
54,2,6,1414276137121297,1414276137121297
54,2,10,1414276137121714,1414276137121714
54,2,2,1414276137122130,1414276137122130
54,2,-2,1414276137122547,1414276137122547
54,2,3,1414276137122964,1414276137122964
54,2,-2,1414276137123380,1414276137123380
54,2,2,1414276137123797,1414276137123797
54,2,-13,1414276137124214,1414276137124214
54,2,-8,1414276137124631,1414276137124631
54,2,1,1414276137125048,1414276137125048
54,2,-2,1414276137125464,1414276137125464
55,2,1.32,1414276139486118,1414276139486118
56,2,43.3,1414276140070600,1414276140070600
55,2,0.825,1414276144473373,1414276144473373
56,2,43.4,1414276145071444,1414276145071444
55,2,-0.165,1414276149478240,1414276149478240
56,2,43.3,1414276150078558,1414276150078558
55,2,0,1414276154481096,1414276154481096
56,2,43.1,1414276155071781,1414276155071781
55,2,-0.495,1414276159474564,1414276159474564
56,2,43.1,1414276160069368,1414276160069368
55,2,-0.99,1414276164469476,1414276164469476
56,2,43.1,1414276165069187,1414276165069187
55,2,-1.155,1414276169476123,1414276169476123
56,2,43.2,1414276170065459,1414276170065459
55,2,-2.31,1414276174476966,1414276174476966
56,2,43,1414276175073035,1414276175073035
55,2,-2.97,1414276179473911,1414276179473911
56,2,42.9,1414276180067306,1414276180067306
55,2,-0.99,1414276184472533,1414276184472533
56,2,43,1414276185102162,1414276185102162
55,2,0,1414276189468199,1414276189468199
56,2,42.9,1414276190064535,1414276190064535
55,2,-0.66,1414276194466698,1414276194466698
56,2,42.9,1414276195065432,1414276195065432
55,2,4.62,1414276199465368,1414276199465368
56,2,42.9,1414276200063993,1414276200063993
