4,1414370151716058
2,1414370151716475
1,1414370151716892
6,1414370151717308
2,1414370151717725
7,1414370151718142
0,1414370151718558
5,1414370151718975
1,1414370151719392
-3,1414370151719809
-5,1414370151720226
-2,1414370151720642
4,1414370151721059
4,1414370151721476
5,1414370151721892
0,1414370151722309
6,1414370151722726
-3,1414370151723143
1,1414370151723560
0,1414370151723976
-2,1414370151724393
-1,1414370151724810
5,1414370151725226
6,1414370151725643
1,1414370151726060
6,1414370151726477
2,1414370151726894
1,1414370151727310
5,1414370151727727
4,1414370151728144
-1,1414370151728560
0,1414370151728977
1,1414370151729394
6,1414370151729811
2,1414370151730228
2,1414370151730644
0,1414370151731061
-3,1414370151731478
1,1414370151731894
7,1414370151732311
5,1414370151732728
-2,1414370151733145
4,1414370151733562
2,1414370151733978
1,1414370151734395
-3,1414370151734812
1,1414370151735228
3,1414370151735645
1,1414370151736062
4,1414370151736479
7,1414370151736896
6,1414370151737312
-5,1414370151737729
-3,1414370151738146
2,1414370151738562
-6,1414370151738979
-1,1414370151739396
2,1414370151739813
-3,1414370151740230
0,1414370151740646
-2,1414370151741063
5,1414370151741480
2,1414370151741896
8,1414370151742313
1,1414370151742730
1,1414370151743147
4,1414370151743564
5,1414370151743980
1,1414370151744397
7,1414370151744814
3,1414370151745230
3,1414370151745647
1,1414370151746064
9,1414370151746481
2,1414370151746898
1,1414370151747314
0,1414370151747731
0,1414370151748148
4,1414370151748564
3,1414370151748981
2,1414370151749398
-6,1414370151749815
5,1414370151750232
2,1414370151750648
-3,1414370151751065
5,1414370151751482
1,1414370151751898
-10,1414370151752315
-5,1414370151752732
6,1414370151753149
1,1414370151753566
1,1414370151753982
0,1414370151754399
0,1414370151754816
-3,1414370151755232
0,1414370151755649
-3,1414370151756066
1,1414370151756483
6,1414370151756900
5,1414370151757316
2,1414370151757733
0,1414370151758150
-3,1414370151758566
1,1414370151758983
1,1414370151759400
1,1414370151759817
6,1414370151760234
1,1414370151760650
2,1414370151761067
5,1414370151761484
-1,1414370151761900
1,1414370151762317
4,1414370151762734
-1,1414370151763151
1,1414370151763568
1,1414370151763984
-3,1414370151764401
2,1414370151764818
-2,1414370151765234
2,1414370151765651
-1,1414370151766068
6,1414370151766485
0,1414370151766902
2,1414370151767318
1,1414370151767735
-3,1414370151768152
-5,1414370151768568
2,1414370151768985
4,1414370151769402
6,1414370151769819
2,1414370151770236
-2,1414370151770652
-5,1414370151771069
1,1414370151771486
3,1414370151771902
-5,1414370151772319
0,1414370151772736
1,1414370151773153
-2,1414370151773570
-2,1414370151773986
1,1414370151774403
2,1414370151774820
0,1414370151775236
5,1414370151775653
5,1414370151776070
8,1414370151776487
-1,1414370151776904
11,1414370151777320
2,1414370151777737
0,1414370151778154
6,1414370151778570
2,1414370151778987
-2,1414370151779404
-1,1414370151779821
5,1414370151780238
1,1414370151780654
3,1414370151781071
5,1414370151781488
3,1414370151781904
-1,1414370151782321
1,1414370151782738
1,1414370151783155
5,1414370151783572
-2,1414370151783988
-1,1414370151784405
1,1414370151784822
-2,1414370151785238
1,1414370151785655
-2,1414370151786072
4,1414370151786489
5,1414370151786906
1,1414370151787322
1,1414370151787739
-3,1414370151788156
2,1414370151788572
-3,1414370151788989
5,1414370151789406
1,1414370151789823
-1,1414370151790240
-3,1414370151790656
4,1414370151791073
-2,1414370151791490
1,1414370151791906
0,1414370151792323
1,1414370151792740
1,1414370151793157
3,1414370151793574
2,1414370151793990
3,1414370151794407
4,1414370151794824
4,1414370151795240
0,1414370151795657
-2,1414370151796074
5,1414370151796491
1,1414370151796908
1,1414370151797324
5,1414370151797741
2,1414370151798158
-2,1414370151798574
-2,1414370151798991
95,1414370152080000
76,1414370152080417
44,1414370152080834
16,1414370152081250
-3,1414370152081667
0,1414370152082084
-24,1414370152082500
-48,1414370152082917
-58,1414370152083334
-76,1414370152083751
-92,1414370152084168
-122,1414370152084584
-131,1414370152085001
-127,1414370152085418
-124,1414370152085834
-131,1414370152086251
-116,1414370152086668
-131,1414370152087085
-119,1414370152087502
-128,1414370152087918
-95,1414370152088335
-75,1414370152088752
-52,1414370152089168
-20,1414370152089585
4,1414370152090002
2,1414370152090419
17,1414370152090836
44,1414370152091252
55,1414370152091669
76,1414370152092086
99,1414370152092502
95,1414370152092919
111,1414370152093336
112,1414370152093753
127,1414370152094170
121,1414370152094586
111,1414370152095003
110,1414370152095420
108,1414370152095836
-5,1414370152096253
4,1414370152096670
4,1414370152097087
-2,1414370152097504
-3,1414370152097920
-1,1414370152098337
-6,1414370152098754
4,1414370152099170
3,1414370152099587
-8,1414370152100004
-3,1414370152100421
-2,1414370152100838
4,1414370152101254
-3,1414370152101671
0,1414370152102088
1,1414370152102504
-3,1414370152102921
0,1414370152103338
5,1414370152103755
-2,1414370152104172
-3,1414370152104588
-1,1414370152105005
0,1414370152105422
3,1414370152105838
1,1414370152106255
-1,1414370152106672
6,1414370152107089
4,1414370152107506
3,1414370152107922
5,1414370152108339
3,1414370152108756
0,1414370152109172
0,1414370152109589
3,1414370152110006
0,1414370152110423
7,1414370152110840
1,1414370152111256
1,1414370152111673
-3,1414370152112090
-2,1414370152112506
4,1414370152112923
3,1414370152113340
-1,1414370152113757
-1,1414370152114174
-5,1414370152114590
-1,1414370152115007
-1,1414370152115424
4,1414370152115840
-1,1414370152116257
2,1414370152116674
0,1414370152117091
-3,1414370152117508
2,1414370152117924
1,1414370152118341
-1,1414370152118758
0,1414370152119174
-1,1414370152119591
-1,1414370152120008
-4,1414370152120425
4,1414370152120842
-2,1414370152121258
1,1414370152121675
5,1414370152122092
-1,1414370152122508
1,1414370152122925
0,1414370152123342
1,1414370152123759
-1,1414370152124176
3,1414370152124592
-1,1414370152125009
0,1414370152125426
5,1414370152125842
0,1414370152126259
4,1414370152126676
5,1414370152127093
0,1414370152127510
4,1414370152127926
-2,1414370152128343
-1,1414370152128760
3,1414370152129176
0,1414370152129593
2,1414370152130010
2,1414370152130427
0,1414370152130844
-3,1414370152131260
0,1414370152131677
0,1414370152132094
5,1414370152132510
0,1414370152132927
-1,1414370152133344
-1,1414370152133761
0,1414370152134178
5,1414370152134594
-4,1414370152135011
1,1414370152135428
1,1414370152135844
0,1414370152136261
-4,1414370152136678
-4,1414370152137095
-2,1414370152137512
0,1414370152137928
3,1414370152138345
-2,1414370152138762
4,1414370152139178
5,1414370152139595
0,1414370152140012
4,1414370152140429
6,1414370152140846
4,1414370152141262
4,1414370152141679
5,1414370152142096
2,1414370152142512
5,1414370152142929
1,1414370152143346
-3,1414370152143763
-1,1414370152144180
-3,1414370152144596
4,1414370152145013
0,1414370152145430
-2,1414370152145846
8,1414370152146263
1,1414370152146680
0,1414370152147097
2,1414370152147514
4,1414370152147930
-4,1414370152148347
1,1414370152148764
0,1414370152149180
4,1414370152149597
1,1414370152150014
1,1414370152150431
0,1414370152150848
4,1414370152151264
4,1414370152151681
1,1414370152152098
0,1414370152152514
2,1414370152152931
4,1414370152153348
-1,1414370152153765
-3,1414370152154182
2,1414370152154598
2,1414370152155015
1,1414370152155432
-2,1414370152155848
2,1414370152156265
1,1414370152156682
7,1414370152157099
6,1414370152157516
0,1414370152157932
4,1414370152158349
0,1414370152158766
-1,1414370152159182
2,1414370152159599
4,1414370152160016
4,1414370152160433
4,1414370152160850
2,1414370152161266
-4,1414370152161683
-8,1414370152162100
1,1414370152162516
0,1414370152162933
0,1414370152286586
4,1414370152287003
6,1414370152287420
9,1414370152287836
2,1414370152288253
0,1414370152288670
-3,1414370152289086
-2,1414370152289503
0,1414370152289920
-8,1414370152290337
4,1414370152290754
4,1414370152291170
0,1414370152291587
-4,1414370152292004
0,1414370152292420
0,1414370152292837
2,1414370152293254
0,1414370152293671
0,1414370152294088
-2,1414370152294504
4,1414370152294921
0,1414370152295338
-1,1414370152295754
1,1414370152296171
4,1414370152296588
-6,1414370152297005
-4,1414370152297422
4,1414370152297838
4,1414370152298255
0,1414370152298672
-1,1414370152299088
6,1414370152299505
-2,1414370152299922
0,1414370152300339
-2,1414370152300756
-1,1414370152301172
-4,1414370152301589
0,1414370152302006
3,1414370152302422
9,1414370152302839
0,1414370152303256
-4,1414370152303673
1,1414370152304090
2,1414370152304506
3,1414370152304923
3,1414370152305340
-4,1414370152305756
-1,1414370152306173
-4,1414370152306590
-2,1414370152307007
1,1414370152307424
0,1414370152307840
7,1414370152308257
2,1414370152308674
1,1414370152309090
-4,1414370152309507
-3,1414370152309924
0,1414370152310341
-7,1414370152310758
-3,1414370152311174
-3,1414370152311591
-1,1414370152312008
-1,1414370152312424
5,1414370152312841
4,1414370152313258
4,1414370152313675
-4,1414370152314092
0,1414370152314508
5,1414370152314925
4,1414370152315342
-4,1414370152315758
-2,1414370152316175
1,1414370152316592
1,1414370152317009
6,1414370152317426
3,1414370152317842
-2,1414370152318259
3,1414370152318676
0,1414370152319092
-2,1414370152319509
1,1414370152319926
-2,1414370152320343
3,1414370152320760
1,1414370152321176
-6,1414370152321593
-9,1414370152322010
0,1414370152322426
0,1414370152322843
0,1414370152323260
0,1414370152323677
6,1414370152324094
0,1414370152324510
-3,1414370152324927
-2,1414370152325344
-2,1414370152325760
-4,1414370152326177
-8,1414370152326594
1,1414370152327011
-4,1414370152327428
-1,1414370152327844
0,1414370152328261
-1,1414370152328678
3,1414370152329094
3,1414370152329511
4,1414370152329928
8,1414370152330345
3,1414370152330762
6,1414370152331178
5,1414370152331595
1,1414370152332012
0,1414370152332428
4,1414370152332845
-3,1414370152333262
3,1414370152333679
-6,1414370152334096
-7,1414370152334512
-4,1414370152334929
7,1414370152335346
-2,1414370152335762
3,1414370152336179
1,1414370152336596
3,1414370152337013
2,1414370152337430
1,1414370152337846
4,1414370152338263
-4,1414370152338680
-4,1414370152339096
-1,1414370152339513
-4,1414370152339930
0,1414370152340347
-3,1414370152340764
4,1414370152341180
0,1414370152341597
3,1414370152342014
-4,1414370152342430
-3,1414370152342847
-1,1414370152343264
-1,1414370152343681
0,1414370152344098
-3,1414370152344514
-3,1414370152344931
0,1414370152345348
0,1414370152345764
4,1414370152346181
1,1414370152346598
0,1414370152347015
-2,1414370152347432
1,1414370152347848
0,1414370152348265
5,1414370152348682
6,1414370152349098
-3,1414370152349515
-4,1414370152349932
3,1414370152350349
-1,1414370152350766
-6,1414370152351182
-1,1414370152351599
8,1414370152352016
1,1414370152352432
4,1414370152352849
0,1414370152353266
1,1414370152353683
4,1414370152354100
-7,1414370152354516
-3,1414370152354933
2,1414370152355350
0,1414370152355766
4,1414370152356183
-7,1414370152356600
0,1414370152357017
1,1414370152357434
-1,1414370152357850
-5,1414370152358267
-3,1414370152358684
-13,1414370152359100
-7,1414370152359517
-11,1414370152359934
-13,1414370152360351
-16,1414370152360768
-7,1414370152361184
-4,1414370152361601
-4,1414370152362018
1,1414370152362434
0,1414370152362851
4,1414370152363268
1,1414370152363685
4,1414370152364102
5,1414370152364518
3,1414370152364935
9,1414370152365352
14,1414370152365768
10,1414370152366185
23,1414370152366602
20,1414370152367019
19,1414370152367436
20,1414370152367852
15,1414370152368269
14,1414370152368686
16,1414370152369102
12,1414370152369519
12,1414370152542551
6,1414370152542968
2,1414370152543384
-1,1414370152543801
0,1414370152544218
0,1414370152544635
4,1414370152545052
-1,1414370152545468
0,1414370152545885
-7,1414370152546302
-4,1414370152546718
-15,1414370152547135
-15,1414370152547552
-20,1414370152547969
-16,1414370152548386
-20,1414370152548802
-15,1414370152549219
-20,1414370152549636
-14,1414370152550052
-9,1414370152550469
-12,1414370152550886
-9,1414370152551303
-2,1414370152551720
1,1414370152552136
1,1414370152552553
-1,1414370152552970
2,1414370152553386
4,1414370152553803
0,1414370152554220
-4,1414370152554637
4,1414370152555054
4,1414370152555470
8,1414370152555887
14,1414370152556304
6,1414370152556720
7,1414370152557137
12,1414370152557554
9,1414370152557971
4,1414370152558388
0,1414370152558804
4,1414370152559221
3,1414370152559638
-2,1414370152560054
2,1414370152560471
-5,1414370152560888
0,1414370152561305
3,1414370152561722
4,1414370152562138
5,1414370152562555
1,1414370152562972
-4,1414370152563388
-3,1414370152563805
-2,1414370152564222
-4,1414370152564639
-4,1414370152565056
1,1414370152565472
0,1414370152565889
0,1414370152566306
0,1414370152566722
-5,1414370152567139
-2,1414370152567556
-3,1414370152567973
-4,1414370152568390
2,1414370152568806
5,1414370152569223
5,1414370152569640
5,1414370152570056
4,1414370152570473
1,1414370152570890
4,1414370152571307
-4,1414370152571724
10,1414370152572140
6,1414370152572557
0,1414370152572974
8,1414370152573390
4,1414370152573807
-2,1414370152574224
1,1414370152574641
-1,1414370152575058
5,1414370152575474
1,1414370152575891
3,1414370152576308
5,1414370152576724
-1,1414370152577141
4,1414370152577558
-2,1414370152577975
5,1414370152578392
-6,1414370152578808
-4,1414370152579225
-7,1414370152579642
-4,1414370152580058
5,1414370152580475
2,1414370152580892
0,1414370152581309
5,1414370152581726
0,1414370152582142
1,1414370152582559
-4,1414370152582976
-1,1414370152583392
-3,1414370152583809
1,1414370152584226
-4,1414370152584643
-2,1414370152585060
2,1414370152585476
0,1414370152585893
0,1414370152586310
5,1414370152586726
3,1414370152587143
3,1414370152587560
0,1414370152587977
4,1414370152588394
3,1414370152588810
5,1414370152589227
0,1414370152589644
-1,1414370152590060
1,1414370152590477
4,1414370152590894
4,1414370152591311
5,1414370152591728
-3,1414370152592144
2,1414370152592561
-4,1414370152592978
2,1414370152593394
3,1414370152593811
3,1414370152594228
-4,1414370152594645
-4,1414370152595062
-4,1414370152595478
6,1414370152595895
5,1414370152596312
5,1414370152596728
0,1414370152597145
-2,1414370152597562
0,1414370152597979
4,1414370152598396
2,1414370152598812
-7,1414370152599229
-1,1414370152599646
-2,1414370152600062
5,1414370152600479
-4,1414370152600896
0,1414370152601313
-2,1414370152601730
8,1414370152602146
1,1414370152602563
0,1414370152602980
-2,1414370152603396
-1,1414370152603813
-3,1414370152604230
0,1414370152604647
-2,1414370152605064
1,1414370152605480
-4,1414370152605897
-2,1414370152606314
4,1414370152606730
6,1414370152607147
4,1414370152607564
6,1414370152607981
4,1414370152608398
0,1414370152608814
1,1414370152609231
-1,1414370152609648
-4,1414370152610064
-3,1414370152610481
5,1414370152610898
5,1414370152611315
5,1414370152611732
1,1414370152612148
1,1414370152612565
3,1414370152612982
0,1414370152613398
-6,1414370152613815
5,1414370152614232
-2,1414370152614649
0,1414370152615066
-1,1414370152615482
4,1414370152615899
1,1414370152616316
-4,1414370152616732
3,1414370152617149
-3,1414370152617566
1,1414370152617983
0,1414370152618400
1,1414370152618816
1,1414370152619233
4,1414370152619650
-4,1414370152620066
-7,1414370152620483
3,1414370152620900
1,1414370152621317
6,1414370152621734
11,1414370152622150
0,1414370152622567
5,1414370152622984
-2,1414370152623400
0,1414370152623817
1,1414370152624234
1,1414370152624651
-1,1414370152625068
4,1414370152625484
1,1414370152745718
-4,1414370152746135
-2,1414370152746552
-3,1414370152746968
4,1414370152747385
2,1414370152747802
-1,1414370152748218
2,1414370152748635
0,1414370152749052
0,1414370152749469
-8,1414370152749886
-4,1414370152750302
0,1414370152750719
-4,1414370152751136
-6,1414370152751552
-4,1414370152751969
-1,1414370152752386
-12,1414370152752803
-4,1414370152753220
1,1414370152753636
-4,1414370152754053
1,1414370152754470
1,1414370152754886
0,1414370152755303
4,1414370152755720
0,1414370152756137
1,1414370152756554
-2,1414370152756970
0,1414370152757387
8,1414370152757804
0,1414370152758220
8,1414370152758637
4,1414370152759054
7,1414370152759471
11,1414370152759888
10,1414370152760304
9,1414370152760721
6,1414370152761138
4,1414370152761554
3,1414370152761971
1,1414370152762388
2,1414370152762805
-3,1414370152763222
4,1414370152763638
2,1414370152764055
-1,1414370152764472
1,1414370152764888
5,1414370152765305
4,1414370152765722
-4,1414370152766139
-2,1414370152766556
-5,1414370152766972
-9,1414370152767389
-11,1414370152767806
-11,1414370152768222
-8,1414370152768639
-15,1414370152769056
-10,1414370152769473
-6,1414370152769890
1,1414370152770306
-4,1414370152770723
8,1414370152771140
-1,1414370152771556
1,1414370152771973
8,1414370152772390
0,1414370152772807
4,1414370152773224
-4,1414370152773640
2,1414370152774057
4,1414370152774474
5,1414370152774890
3,1414370152775307
2,1414370152775724
4,1414370152776141
11,1414370152776558
7,1414370152776974
4,1414370152777391
7,1414370152777808
0,1414370152778224
2,1414370152778641
11,1414370152779058
2,1414370152779475
3,1414370152779892
0,1414370152780308
-1,1414370152780725
1,1414370152781142
-2,1414370152781558
2,1414370152781975
8,1414370152782392
-3,1414370152782809
1,1414370152783226
-1,1414370152783642
-3,1414370152784059
-5,1414370152784476
3,1414370152784892
-4,1414370152785309
-8,1414370152785726
-3,1414370152786143
-8,1414370152786560
-5,1414370152786976
-5,1414370152787393
2,1414370152787810
4,1414370152788226
2,1414370152788643
0,1414370152789060
12,1414370152789477
-3,1414370152789894
3,1414370152790310
0,1414370152790727
-1,1414370152791144
5,1414370152791560
1,1414370152791977
9,1414370152792394
0,1414370152792811
5,1414370152793228
6,1414370152793644
6,1414370152794061
-2,1414370152794478
3,1414370152794894
-5,1414370152795311
4,1414370152795728
-4,1414370152796145
4,1414370152796562
3,1414370152796978
2,1414370152797395
0,1414370152797812
0,1414370152798228
-4,1414370152798645
4,1414370152799062
-3,1414370152799479
5,1414370152799896
-2,1414370152800312
-4,1414370152800729
-4,1414370152801146
-1,1414370152801562
-7,1414370152801979
2,1414370152802396
-3,1414370152802813
-4,1414370152803230
4,1414370152803646
-4,1414370152804063
-5,1414370152804480
1,1414370152804896
0,1414370152805313
1,1414370152805730
3,1414370152806147
3,1414370152806564
1,1414370152806980
-3,1414370152807397
-1,1414370152807814
-3,1414370152808230
7,1414370152808647
2,1414370152809064
-2,1414370152809481
1,1414370152809898
0,1414370152810314
-5,1414370152810731
0,1414370152811148
3,1414370152811564
-3,1414370152811981
0,1414370152812398
0,1414370152812815
-4,1414370152813232
-2,1414370152813648
3,1414370152814065
1,1414370152814482
7,1414370152814898
3,1414370152815315
-4,1414370152815732
-4,1414370152816149
0,1414370152816566
2,1414370152816982
-1,1414370152817399
-6,1414370152817816
-5,1414370152818232
-4,1414370152818649
-1,1414370152819066
-4,1414370152819483
-2,1414370152819900
-1,1414370152820316
1,1414370152820733
-3,1414370152821150
-1,1414370152821566
-2,1414370152821983
0,1414370152822400
4,1414370152822817
-2,1414370152823234
5,1414370152823650
4,1414370152824067
4,1414370152824484
0,1414370152824900
5,1414370152825317
5,1414370152825734
9,1414370152826151
7,1414370152826568
0,1414370152826984
5,1414370152827401
-1,1414370152827818
1,1414370152828234
3,1414370152828651
8,1414370160597370
1,1414370160597787
1,1414370160598204
-2,1414370160598620
-3,1414370160599037
1,1414370160599454
1,1414370160599870
-1,1414370160600287
-3,1414370160600704
-10,1414370160601121
-18,1414370160601538
-19,1414370160601954
-19,1414370160602371
-22,1414370160602788
-22,1414370160603204
-24,1414370160603621
-20,1414370160604038
-24,1414370160604455
-20,1414370160604872
-17,1414370160605288
-9,1414370160605705
-3,1414370160606122
6,1414370160606538
5,1414370160606955
9,1414370160607372
6,1414370160607789
1,1414370160608206
3,1414370160608622
6,1414370160609039
15,1414370160609456
18,1414370160609872
22,1414370160610289
29,1414370160610706
28,1414370160611123
28,1414370160611540
26,1414370160611956
29,1414370160612373
21,1414370160612790
16,1414370160613206
21,1414370160613623
15,1414370160614040
7,1414370160614457
1,1414370160614874
4,1414370160615290
-2,1414370160615707
0,1414370160616124
-1,1414370160616540
-3,1414370160616957
-3,1414370160617374
-5,1414370160617791
-15,1414370160618208
-19,1414370160618624
-25,1414370160619041
-28,1414370160619458
-27,1414370160619874
-25,1414370160620291
-26,1414370160620708
-27,1414370160621125
-27,1414370160621542
-22,1414370160621958
-10,1414370160622375
-3,1414370160622792
4,1414370160623208
8,1414370160623625
1,1414370160624042
6,1414370160624459
1,1414370160624876
5,1414370160625292
14,1414370160625709
10,1414370160626126
16,1414370160626542
25,1414370160626959
26,1414370160627376
27,1414370160627793
24,1414370160628210
22,1414370160628626
22,1414370160629043
28,1414370160629460
14,1414370160629876
17,1414370160630293
14,1414370160630710
4,1414370160631127
5,1414370160631544
-1,1414370160631960
2,1414370160632377
0,1414370160632794
1,1414370160633210
-8,1414370160633627
-12,1414370160634044
-11,1414370160634461
-14,1414370160634878
-21,1414370160635294
-23,1414370160635711
-28,1414370160636128
-30,1414370160636544
-23,1414370160636961
-19,1414370160637378
-22,1414370160637795
-21,1414370160638212
-19,1414370160638628
-11,1414370160639045
-1,1414370160639462
0,1414370160639878
-2,1414370160640295
2,1414370160640712
-1,1414370160641129
2,1414370160641546
5,1414370160641962
12,1414370160642379
13,1414370160642796
20,1414370160643212
21,1414370160643629
18,1414370160644046
29,1414370160644463
26,1414370160644880
29,1414370160645296
28,1414370160645713
24,1414370160646130
21,1414370160646546
21,1414370160646963
16,1414370160647380
5,1414370160647797
-3,1414370160648214
-6,1414370160648630
-3,1414370160649047
0,1414370160649464
-2,1414370160649880
-5,1414370160650297
-4,1414370160650714
-10,1414370160651131
-19,1414370160651548
-18,1414370160651964
-26,1414370160652381
-21,1414370160652798
-25,1414370160653214
-25,1414370160653631
-28,1414370160654048
-19,1414370160654465
-27,1414370160654882
-14,1414370160655298
-15,1414370160655715
0,1414370160656132
1,1414370160656548
1,1414370160656965
4,1414370160657382
0,1414370160657799
0,1414370160658216
1,1414370160658632
7,1414370160659049
15,1414370160659466
17,1414370160659882
22,1414370160660299
21,1414370160660716
24,1414370160661133
25,1414370160661550
26,1414370160661966
23,1414370160662383
21,1414370160662800
19,1414370160663216
12,1414370160663633
6,1414370160664050
2,1414370160664467
0,1414370160664884
2,1414370160665300
5,1414370160665717
-3,1414370160666134
1,1414370160666550
7,1414370160666967
2,1414370160667384
-11,1414370160667801
-8,1414370160668218
-11,1414370160668634
-19,1414370160669051
-19,1414370160669468
-16,1414370160669884
-13,1414370160670301
-17,1414370160670718
-11,1414370160671135
-8,1414370160671552
-12,1414370160671968
-7,1414370160672385
-3,1414370160672802
2,1414370160673218
1,1414370160673635
5,1414370160674052
2,1414370160674469
1,1414370160674886
6,1414370160675302
5,1414370160675719
5,1414370160676136
7,1414370160676552
5,1414370160676969
9,1414370160677386
10,1414370160677803
16,1414370160678220
13,1414370160678636
10,1414370160679053
2,1414370160679470
12,1414370160679886
5,1414370160680303
5,1414370160920140
7,1414370160920557
2,1414370160920974
5,1414370160921390
2,1414370160921807
5,1414370160922224
-7,1414370160922640
0,1414370160923057
1,1414370160923474
-7,1414370160923891
-6,1414370160924308
-5,1414370160924724
-13,1414370160925141
-14,1414370160925558
-18,1414370160925974
-14,1414370160926391
-15,1414370160926808
-11,1414370160927225
-16,1414370160927642
-9,1414370160928058
-4,1414370160928475
-3,1414370160928892
5,1414370160929308
0,1414370160929725
7,1414370160930142
5,1414370160930559
8,1414370160930976
2,1414370160931392
8,1414370160931809
5,1414370160932226
8,1414370160932642
15,1414370160933059
16,1414370160933476
18,1414370160933893
16,1414370160934310
17,1414370160934726
22,1414370160935143
13,1414370160935560
14,1414370160935976
10,1414370160936393
2,1414370160936810
4,1414370160937227
4,1414370160937644
3,1414370160938060
-3,1414370160938477
-1,1414370160938894
-3,1414370160939310
1,1414370160939727
1,1414370160940144
-7,1414370160940561
-3,1414370160940978
-12,1414370160941394
-11,1414370160941811
-19,1414370160942228
-14,1414370160942644
-9,1414370160943061
-14,1414370160943478
-17,1414370160943895
-8,1414370160944312
-11,1414370160944728
-3,1414370160945145
-2,1414370160945562
1,1414370160945978
5,1414370160946395
5,1414370160946812
2,1414370160947229
4,1414370160947646
5,1414370160948062
7,1414370160948479
8,1414370160948896
13,1414370160949312
17,1414370160949729
18,1414370160950146
14,1414370160950563
13,1414370160950980
17,1414370160951396
16,1414370160951813
12,1414370160952230
12,1414370160952646
9,1414370160953063
3,1414370160953480
2,1414370160953897
5,1414370160954314
0,1414370160954730
1,1414370160955147
2,1414370160955564
5,1414370160955980
4,1414370160956397
-1,1414370160956814
2,1414370160957231
-2,1414370160957648
-11,1414370160958064
-9,1414370160958481
-14,1414370160958898
-18,1414370160959314
-6,1414370160959731
-20,1414370160960148
-14,1414370160960565
-11,1414370160960982
-11,1414370160961398
-5,1414370160961815
1,1414370160962232
-2,1414370160962648
-2,1414370160963065
4,1414370160963482
5,1414370160963899
4,1414370160964316
1,1414370160964732
9,1414370160965149
6,1414370160965566
7,1414370160965982
17,1414370160966399
15,1414370160966816
14,1414370160967233
13,1414370160967650
10,1414370160968066
18,1414370160968483
13,1414370160968900
13,1414370160969316
5,1414370160969733
1,1414370160970150
1,1414370160970567
0,1414370160970984
4,1414370160971400
2,1414370160971817
-2,1414370160972234
-2,1414370160972650
4,1414370160973067
-2,1414370160973484
-8,1414370160973901
-8,1414370160974318
-9,1414370160974734
-22,1414370160975151
-14,1414370160975568
-15,1414370160975984
-15,1414370160976401
-15,1414370160976818
-7,1414370160977235
-19,1414370160977652
-13,1414370160978068
-7,1414370160978485
-2,1414370160978902
1,1414370160979318
2,1414370160979735
3,1414370160980152
5,1414370160980569
3,1414370160980986
1,1414370160981402
7,1414370160981819
5,1414370160982236
11,1414370160982652
13,1414370160983069
9,1414370160983486
15,1414370160983903
18,1414370160984320
16,1414370160984736
13,1414370160985153
13,1414370160985570
14,1414370160985986
8,1414370160986403
2,1414370160986820
1,1414370160987237
6,1414370160987654
2,1414370160988070
6,1414370160988487
-3,1414370160988904
1,1414370160989320
-3,1414370160989737
-7,1414370160990154
-3,1414370160990571
-6,1414370160990988
-11,1414370160991404
-11,1414370160991821
-9,1414370160992238
-9,1414370160992654
-13,1414370160993071
-15,1414370160993488
-13,1414370160993905
-15,1414370160994322
-15,1414370160994738
-11,1414370160995155
2,1414370160995572
5,1414370160995988
-3,1414370160996405
1,1414370160996822
5,1414370160997239
-1,1414370160997656
4,1414370160998072
2,1414370160998489
1,1414370160998906
12,1414370160999322
13,1414370160999739
16,1414370161000156
17,1414370161000573
14,1414370161000990
16,1414370161001406
15,1414370161001823
14,1414370161002240
13,1414370161002656
11,1414370161003073
2,1414370161154592
-1,1414370161155009
4,1414370161155426
-1,1414370161155842
2,1414370161156259
5,1414370161156676
-1,1414370161157092
5,1414370161157509
-2,1414370161157926
-1,1414370161158343
-5,1414370161158760
-14,1414370161159176
-19,1414370161159593
-17,1414370161160010
-20,1414370161160426
-18,1414370161160843
-18,1414370161161260
-14,1414370161161677
-9,1414370161162094
-8,1414370161162510
2,1414370161162927
1,1414370161163344
7,1414370161163760
0,1414370161164177
1,1414370161164594
2,1414370161165011
5,1414370161165428
3,1414370161165844
7,1414370161166261
10,1414370161166678
5,1414370161167094
13,1414370161167511
13,1414370161167928
16,1414370161168345
19,1414370161168762
13,1414370161169178
10,1414370161169595
11,1414370161170012
13,1414370161170428
7,1414370161170845
7,1414370161171262
5,1414370161171679
-5,1414370161172096
-4,1414370161172512
3,1414370161172929
-3,1414370161173346
-3,1414370161173762
-1,1414370161174179
-3,1414370161174596
1,1414370161175013
-11,1414370161175430
-14,1414370161175846
-16,1414370161176263
-10,1414370161176680
-15,1414370161177096
-10,1414370161177513
-15,1414370161177930
-17,1414370161178347
-11,1414370161178764
-11,1414370161179180
-4,1414370161179597
-3,1414370161180014
5,1414370161180430
5,1414370161180847
1,1414370161181264
5,1414370161181681
1,1414370161182098
2,1414370161182514
5,1414370161182931
6,1414370161183348
11,1414370161183764
15,1414370161184181
19,1414370161184598
15,1414370161185015
18,1414370161185432
13,1414370161185848
14,1414370161186265
13,1414370161186682
9,1414370161187098
6,1414370161187515
1,1414370161187932
-8,1414370161188349
-6,1414370161188766
2,1414370161189182
2,1414370161189599
1,1414370161190016
2,1414370161190432
4,1414370161190849
-4,1414370161191266
-2,1414370161191683
-7,1414370161192100
-11,1414370161192516
-9,1414370161192933
-14,1414370161193350
-11,1414370161193766
-14,1414370161194183
-13,1414370161194600
-12,1414370161195017
-11,1414370161195434
-3,1414370161195850
-3,1414370161196267
2,1414370161196684
9,1414370161197100
3,1414370161197517
2,1414370161197934
11,1414370161198351
-2,1414370161198768
-5,1414370161199184
10,1414370161199601
9,1414370161200018
8,1414370161200434
13,1414370161200851
13,1414370161201268
16,1414370161201685
19,1414370161202102
13,1414370161202518
8,1414370161202935
10,1414370161203352
11,1414370161203768
11,1414370161204185
-1,1414370161204602
4,1414370161205019
1,1414370161205436
-2,1414370161205852
-1,1414370161206269
-2,1414370161206686
10,1414370161207102
4,1414370161207519
1,1414370161207936
-6,1414370161208353
-9,1414370161208770
-11,1414370161209186
-11,1414370161209603
-11,1414370161210020
-18,1414370161210436
-13,1414370161210853
-10,1414370161211270
-15,1414370161211687
-11,1414370161212104
-11,1414370161212520
0,1414370161212937
-1,1414370161213354
1,1414370161213770
5,1414370161214187
6,1414370161214604
5,1414370161215021
0,1414370161215438
5,1414370161215854
7,1414370161216271
13,1414370161216688
15,1414370161217104
18,1414370161217521
18,1414370161217938
21,1414370161218355
18,1414370161218772
18,1414370161219188
15,1414370161219605
14,1414370161220022
16,1414370161220438
11,1414370161220855
8,1414370161221272
-1,1414370161221689
0,1414370161222106
-2,1414370161222522
1,1414370161222939
-5,1414370161223356
-3,1414370161223772
1,1414370161224189
3,1414370161224606
-6,1414370161225023
-9,1414370161225440
-11,1414370161225856
-15,1414370161226273
-14,1414370161226690
-11,1414370161227106
-16,1414370161227523
-19,1414370161227940
-13,1414370161228357
-11,1414370161228774
-7,1414370161229190
-7,1414370161229607
-2,1414370161230024
-3,1414370161230440
1,1414370161230857
4,1414370161231274
4,1414370161231691
1,1414370161232108
1,1414370161232524
7,1414370161232941
7,1414370161233358
5,1414370161233774
12,1414370161234191
12,1414370161234608
16,1414370161235025
10,1414370161235442
16,1414370161235858
10,1414370161236275
9,1414370161236692
16,1414370161237108
9,1414370161237525
2,1414370161431777
2,1414370161432194
-1,1414370161432610
-1,1414370161433027
-3,1414370161433444
-3,1414370161433861
3,1414370161434278
5,1414370161434694
-1,1414370161435111
-3,1414370161435528
-7,1414370161435944
-7,1414370161436361
-14,1414370161436778
-15,1414370161437195
-17,1414370161437612
-14,1414370161438028
-17,1414370161438445
-9,1414370161438862
-7,1414370161439278
-11,1414370161439695
-7,1414370161440112
2,1414370161440529
1,1414370161440946
2,1414370161441362
8,1414370161441779
-2,1414370161442196
5,1414370161442612
-3,1414370161443029
5,1414370161443446
7,1414370161443863
8,1414370161444280
6,1414370161444696
13,1414370161445113
17,1414370161445530
20,1414370161445946
17,1414370161446363
13,1414370161446780
15,1414370161447197
13,1414370161447614
13,1414370161448030
3,1414370161448447
-5,1414370161448864
4,1414370161449280
2,1414370161449697
2,1414370161450114
1,1414370161450531
2,1414370161450948
-7,1414370161451364
-1,1414370161451781
-3,1414370161452198
-6,1414370161452614
-5,1414370161453031
-12,1414370161453448
-13,1414370161453865
-18,1414370161454282
-15,1414370161454698
-14,1414370161455115
-18,1414370161455532
-7,1414370161455948
-11,1414370161456365
-6,1414370161456782
-2,1414370161457199
5,1414370161457616
0,1414370161458032
4,1414370161458449
2,1414370161458866
1,1414370161459282
2,1414370161459699
0,1414370161460116
7,1414370161460533
9,1414370161460950
15,1414370161461366
19,1414370161461783
17,1414370161462200
18,1414370161462616
15,1414370161463033
12,1414370161463450
6,1414370161463867
11,1414370161464284
10,1414370161464700
8,1414370161465117
1,1414370161465534
8,1414370161465950
-2,1414370161466367
2,1414370161466784
5,1414370161467201
-2,1414370161467618
-6,1414370161468034
-10,1414370161468451
-2,1414370161468868
-8,1414370161469284
-9,1414370161469701
-7,1414370161470118
-11,1414370161470535
-16,1414370161470952
-15,1414370161471368
-12,1414370161471785
-19,1414370161472202
-11,1414370161472618
-11,1414370161473035
2,1414370161473452
-2,1414370161473869
1,1414370161474286
1,1414370161474702
1,1414370161475119
-2,1414370161475536
2,1414370161475952
5,1414370161476369
11,1414370161476786
11,1414370161477203
15,1414370161477620
15,1414370161478036
16,1414370161478453
12,1414370161478870
21,1414370161479286
15,1414370161479703
13,1414370161480120
8,1414370161480537
9,1414370161480954
14,1414370161481370
5,1414370161481787
-2,1414370161482204
-2,1414370161482620
0,1414370161483037
-3,1414370161483454
4,1414370161483871
-2,1414370161484288
-3,1414370161484704
-3,1414370161485121
-4,1414370161485538
-6,1414370161485954
-11,1414370161486371
-10,1414370161486788
-11,1414370161487205
-11,1414370161487622
-19,1414370161488038
-10,1414370161488455
-11,1414370161488872
-14,1414370161489288
-2,1414370161489705
-6,1414370161490122
1,1414370161490539
2,1414370161490956
5,1414370161491372
-3,1414370161491789
-2,1414370161492206
1,1414370161492622
-2,1414370161493039
2,1414370161493456
13,1414370161493873
10,1414370161494290
15,1414370161494706
12,1414370161495123
16,1414370161495540
13,1414370161495956
21,1414370161496373
16,1414370161496790
16,1414370161497207
12,1414370161497624
12,1414370161498040
9,1414370161498457
6,1414370161498874
9,1414370161499290
-8,1414370161499707
5,1414370161500124
0,1414370161500541
-6,1414370161500958
3,1414370161501374
0,1414370161501791
-5,1414370161502208
-11,1414370161502624
-9,1414370161503041
-9,1414370161503458
-13,1414370161503875
-18,1414370161504292
-11,1414370161504708
-16,1414370161505125
-12,1414370161505542
-8,1414370161505958
-12,1414370161506375
-6,1414370161506792
2,1414370161507209
-5,1414370161507626
9,1414370161508042
1,1414370161508459
2,1414370161508876
0,1414370161509292
1,1414370161509709
2,1414370161510126
3,1414370161510543
14,1414370161510960
14,1414370161511376
18,1414370161511793
16,1414370161512210
21,1414370161512626
17,1414370161513043
15,1414370161513460
16,1414370161513877
13,1414370161514294
10,1414370161514710
2,1414370161634369
1,1414370161634786
-3,1414370161635202
-7,1414370161635619
2,1414370161636036
5,1414370161636453
0,1414370161636870
1,1414370161637286
-5,1414370161637703
-11,1414370161638120
-4,1414370161638536
-3,1414370161638953
-12,1414370161639370
-17,1414370161639787
-21,1414370161640204
-17,1414370161640620
-18,1414370161641037
-15,1414370161641454
-12,1414370161641870
-4,1414370161642287
-9,1414370161642704
1,1414370161643121
-2,1414370161643538
3,1414370161643954
-2,1414370161644371
-1,1414370161644788
3,1414370161645204
2,1414370161645621
4,1414370161646038
8,1414370161646455
9,1414370161646872
12,1414370161647288
22,1414370161647705
14,1414370161648122
15,1414370161648538
13,1414370161648955
16,1414370161649372
16,1414370161649789
13,1414370161650206
14,1414370161650622
5,1414370161651039
-4,1414370161651456
0,1414370161651872
4,1414370161652289
7,1414370161652706
6,1414370161653123
-3,1414370161653540
-1,1414370161653956
0,1414370161654373
-9,1414370161654790
-8,1414370161655206
-6,1414370161655623
-18,1414370161656040
-15,1414370161656457
-9,1414370161656874
-13,1414370161657290
-11,1414370161657707
-18,1414370161658124
-15,1414370161658540
-12,1414370161658957
-7,1414370161659374
0,1414370161659791
-2,1414370161660208
5,1414370161660624
5,1414370161661041
2,1414370161661458
5,1414370161661874
3,1414370161662291
9,1414370161662708
4,1414370161663125
13,1414370161663542
14,1414370161663958
15,1414370161664375
25,1414370161664792
18,1414370161665208
14,1414370161665625
16,1414370161666042
18,1414370161666459
14,1414370161666876
5,1414370161667292
1,1414370161667709
-1,1414370161668126
5,1414370161668542
-3,1414370161668959
1,1414370161669376
1,1414370161669793
2,1414370161670210
3,1414370161670626
-8,1414370161671043
-2,1414370161671460
-2,1414370161671876
-10,1414370161672293
-15,1414370161672710
-10,1414370161673127
-17,1414370161673544
-17,1414370161673960
-17,1414370161674377
-16,1414370161674794
-8,1414370161675210
-11,1414370161675627
-7,1414370161676044
1,1414370161676461
8,1414370161676878
1,1414370161677294
2,1414370161677711
-2,1414370161678128
1,1414370161678544
3,1414370161678961
8,1414370161679378
7,1414370161679795
4,1414370161680212
14,1414370161680628
13,1414370161681045
13,1414370161681462
18,1414370161681878
18,1414370161682295
10,1414370161682712
13,1414370161683129
14,1414370161683546
8,1414370161683962
7,1414370161684379
-3,1414370161684796
-3,1414370161685212
1,1414370161685629
1,1414370161686046
-3,1414370161686463
4,1414370161686880
3,1414370161687296
2,1414370161687713
1,1414370161688130
-8,1414370161688546
-11,1414370161688963
-10,1414370161689380
-11,1414370161689797
-12,1414370161690214
-11,1414370161690630
-15,1414370161691047
-12,1414370161691464
-15,1414370161691880
-6,1414370161692297
-9,1414370161692714
5,1414370161693131
6,1414370161693548
-1,1414370161693964
-1,1414370161694381
3,1414370161694798
-1,1414370161695214
5,1414370161695631
5,1414370161696048
5,1414370161696465
9,1414370161696882
10,1414370161697298
13,1414370161697715
16,1414370161698132
17,1414370161698548
19,1414370161698965
13,1414370161699382
16,1414370161699799
16,1414370161700216
13,1414370161700632
2,1414370161701049
1,1414370161701466
7,1414370161701882
5,1414370161702299
2,1414370161702716
2,1414370161703133
3,1414370161703550
0,1414370161703966
-2,1414370161704383
1,1414370161704800
-11,1414370161705216
-7,1414370161705633
-10,1414370161706050
-12,1414370161706467
-12,1414370161706884
-17,1414370161707300
-16,1414370161707717
-7,1414370161708134
-11,1414370161708550
-11,1414370161708967
-11,1414370161709384
-1,1414370161709801
6,1414370161710218
2,1414370161710634
4,1414370161711051
2,1414370161711468
-2,1414370161711884
4,1414370161712301
4,1414370161712718
5,1414370161713135
11,1414370161713552
8,1414370161713968
15,1414370161714385
21,1414370161714802
14,1414370161715218
18,1414370161715635
14,1414370161716052
12,1414370161716469
18,1414370161716886
9,1414370161717302
-2,1414370223424648
0,1414370223425065
0,1414370223425482
-7,1414370223425898
4,1414370223426315
0,1414370223426732
6,1414370223427148
-8,1414370223427565
3,1414370223427982
-4,1414370223428399
-3,1414370223428816
-5,1414370223429232
-8,1414370223429649
-3,1414370223430066
-8,1414370223430482
-4,1414370223430899
-6,1414370223431316
-11,1414370223431733
-5,1414370223432150
0,1414370223432566
4,1414370223432983
0,1414370223433400
2,1414370223433816
7,1414370223434233
3,1414370223434650
5,1414370223435067
1,1414370223435484
3,1414370223435900
4,1414370223436317
4,1414370223436734
7,1414370223437150
6,1414370223437567
4,1414370223437984
6,1414370223438401
9,1414370223438818
6,1414370223439234
4,1414370223439651
-3,1414370223440068
4,1414370223440484
4,1414370223440901
1,1414370223441318
7,1414370223441735
4,1414370223442152
-1,1414370223442568
-4,1414370223442985
2,1414370223443402
-5,1414370223443818
-4,1414370223444235
-7,1414370223444652
-2,1414370223445069
1,1414370223445486
-3,1414370223445902
-3,1414370223446319
-7,1414370223446736
-6,1414370223447152
-5,1414370223447569
-4,1414370223447986
-1,1414370223448403
0,1414370223448820
-1,1414370223449236
3,1414370223449653
8,1414370223450070
3,1414370223450486
5,1414370223450903
9,1414370223451320
-3,1414370223451737
1,1414370223452154
0,1414370223452570
2,1414370223452987
0,1414370223453404
4,1414370223453820
6,1414370223454237
4,1414370223454654
3,1414370223455071
12,1414370223455488
5,1414370223455904
7,1414370223456321
1,1414370223456738
4,1414370223457154
-6,1414370223457571
5,1414370223457988
4,1414370223458405
0,1414370223458822
4,1414370223459238
0,1414370223459655
0,1414370223460072
-4,1414370223460488
-3,1414370223460905
3,1414370223461322
0,1414370223461739
-5,1414370223462156
-1,1414370223462572
-4,1414370223462989
-4,1414370223463406
-5,1414370223463822
-4,1414370223464239
-11,1414370223464656
-5,1414370223465073
-6,1414370223465490
3,1414370223465906
0,1414370223466323
0,1414370223466740
3,1414370223467156
3,1414370223467573
4,1414370223467990
-2,1414370223468407
4,1414370223468824
1,1414370223469240
3,1414370223469657
0,1414370223470074
4,1414370223470490
7,1414370223470907
2,1414370223471324
1,1414370223471741
1,1414370223472158
3,1414370223472574
8,1414370223472991
2,1414370223473408
7,1414370223473824
7,1414370223474241
5,1414370223474658
0,1414370223475075
0,1414370223475492
3,1414370223475908
-3,1414370223476325
-4,1414370223476742
-3,1414370223477158
4,1414370223477575
-4,1414370223477992
-3,1414370223478409
-4,1414370223478826
-5,1414370223479242
0,1414370223479659
1,1414370223480076
3,1414370223480492
-3,1414370223480909
-1,1414370223481326
-2,1414370223481743
-2,1414370223482160
-2,1414370223482576
-2,1414370223482993
3,1414370223483410
5,1414370223483826
6,1414370223484243
5,1414370223484660
-1,1414370223485077
4,1414370223485494
5,1414370223485910
-1,1414370223486327
0,1414370223486744
3,1414370223487160
-2,1414370223487577
3,1414370223487994
5,1414370223488411
-2,1414370223488828
4,1414370223489244
-3,1414370223489661
-1,1414370223490078
4,1414370223490494
5,1414370223490911
2,1414370223491328
1,1414370223491745
4,1414370223492162
4,1414370223492578
-7,1414370223492995
1,1414370223493412
4,1414370223493828
-3,1414370223494245
-1,1414370223494662
4,1414370223495079
4,1414370223495496
1,1414370223495912
4,1414370223496329
0,1414370223496746
5,1414370223497162
-4,1414370223497579
0,1414370223497996
1,1414370223498413
-3,1414370223498830
-2,1414370223499246
-4,1414370223499663
-4,1414370223500080
4,1414370223500496
-1,1414370223500913
4,1414370223501330
1,1414370223501747
-7,1414370223502164
1,1414370223502580
-2,1414370223502997
-4,1414370223503414
3,1414370223503830
5,1414370223504247
3,1414370223504664
-3,1414370223505081
4,1414370223505498
-4,1414370223505914
1,1414370223506331
-1,1414370223506748
0,1414370223507164
2,1414370223507581
-6,1414370223852234
-3,1414370223852651
0,1414370223853068
-4,1414370223853484
-7,1414370223853901
-7,1414370223854318
0,1414370223854734
-4,1414370223855151
-3,1414370223855568
0,1414370223855985
-3,1414370223856402
0,1414370223856818
3,1414370223857235
0,1414370223857652
-4,1414370223858068
0,1414370223858485
-7,1414370223858902
3,1414370223859319
0,1414370223859736
0,1414370223860152
4,1414370223860569
5,1414370223860986
-3,1414370223861402
4,1414370223861819
1,1414370223862236
2,1414370223862653
4,1414370223863070
1,1414370223863486
-2,1414370223863903
0,1414370223864320
-3,1414370223864736
-1,1414370223865153
0,1414370223865570
4,1414370223865987
-3,1414370223866404
-2,1414370223866820
0,1414370223867237
4,1414370223867654
1,1414370223868070
3,1414370223868487
3,1414370223868904
-5,1414370223869321
-2,1414370223869738
-1,1414370223870154
-4,1414370223870571
-2,1414370223870988
4,1414370223871404
-3,1414370223871821
-4,1414370223872238
4,1414370223872655
-1,1414370223873072
1,1414370223873488
1,1414370223873905
3,1414370223874322
0,1414370223874738
4,1414370223875155
5,1414370223875572
0,1414370223875989
3,1414370223876406
1,1414370223876822
-4,1414370223877239
-3,1414370223877656
-7,1414370223878072
-2,1414370223878489
7,1414370223878906
4,1414370223879323
-3,1414370223879740
-7,1414370223880156
4,1414370223880573
-4,1414370223880990
1,1414370223881406
1,1414370223881823
3,1414370223882240
5,1414370223882657
-1,1414370223883074
0,1414370223883490
0,1414370223883907
5,1414370223884324
0,1414370223884740
3,1414370223885157
-3,1414370223885574
4,1414370223885991
4,1414370223886408
5,1414370223886824
-3,1414370223887241
-2,1414370223887658
-4,1414370223888074
-7,1414370223888491
0,1414370223888908
5,1414370223889325
0,1414370223889742
5,1414370223890158
0,1414370223890575
-3,1414370223890992
-2,1414370223891408
-3,1414370223891825
4,1414370223892242
-4,1414370223892659
-4,1414370223893076
-2,1414370223893492
-1,1414370223893909
-1,1414370223894326
4,1414370223894742
8,1414370223895159
0,1414370223895576
1,1414370223895993
-4,1414370223896410
-2,1414370223896826
-6,1414370223897243
1,1414370223897660
1,1414370223898076
9,1414370223898493
2,1414370223898910
2,1414370223899327
4,1414370223899744
0,1414370223900160
3,1414370223900577
0,1414370223900994
4,1414370223901410
6,1414370223901827
-3,1414370223902244
0,1414370223902661
-3,1414370223903078
-2,1414370223903494
0,1414370223903911
0,1414370223904328
-1,1414370223904744
-1,1414370223905161
6,1414370223905578
0,1414370223905995
6,1414370223906412
4,1414370223906828
-3,1414370223907245
-5,1414370223907662
-2,1414370223908078
1,1414370223908495
3,1414370223908912
-3,1414370223909329
-2,1414370223909746
6,1414370223910162
0,1414370223910579
1,1414370223910996
3,1414370223911412
4,1414370223911829
3,1414370223912246
7,1414370223912663
5,1414370223913080
-4,1414370223913496
4,1414370223913913
3,1414370223914330
-1,1414370223914746
-2,1414370223915163
7,1414370223915580
-1,1414370223915997
1,1414370223916414
-2,1414370223916830
-4,1414370223917247
3,1414370223917664
2,1414370223918080
-2,1414370223918497
-1,1414370223918914
-4,1414370223919331
1,1414370223919748
2,1414370223920164
-3,1414370223920581
-4,1414370223920998
-3,1414370223921414
-4,1414370223921831
-4,1414370223922248
1,1414370223922665
3,1414370223923082
0,1414370223923498
-2,1414370223923915
1,1414370223924332
4,1414370223924748
-1,1414370223925165
4,1414370223925582
-4,1414370223925999
-4,1414370223926416
2,1414370223926832
0,1414370223927249
0,1414370223927666
7,1414370223928082
2,1414370223928499
-3,1414370223928916
2,1414370223929333
5,1414370223929750
2,1414370223930166
2,1414370223930583
7,1414370223931000
0,1414370223931416
-2,1414370223931833
5,1414370223932250
0,1414370223932667
-4,1414370223933084
3,1414370223933500
-4,1414370223933917
2,1414370223934334
4,1414370223934750
0,1414370223935167
-4,1414370224061060
-4,1414370224061477
-4,1414370224061894
4,1414370224062310
2,1414370224062727
0,1414370224063144
-7,1414370224063560
0,1414370224063977
8,1414370224064394
-2,1414370224064811
-3,1414370224065228
0,1414370224065644
3,1414370224066061
3,1414370224066478
4,1414370224066894
4,1414370224067311
5,1414370224067728
1,1414370224068145
9,1414370224068562
-4,1414370224068978
-7,1414370224069395
-4,1414370224069812
5,1414370224070228
0,1414370224070645
2,1414370224071062
7,1414370224071479
5,1414370224071896
4,1414370224072312
4,1414370224072729
-3,1414370224073146
0,1414370224073562
3,1414370224073979
0,1414370224074396
-4,1414370224074813
3,1414370224075230
4,1414370224075646
0,1414370224076063
-1,1414370224076480
2,1414370224076896
1,1414370224077313
-4,1414370224077730
-3,1414370224078147
-5,1414370224078564
2,1414370224078980
-3,1414370224079397
4,1414370224079814
-4,1414370224080230
-5,1414370224080647
-4,1414370224081064
2,1414370224081481
0,1414370224081898
2,1414370224082314
-6,1414370224082731
1,1414370224083148
1,1414370224083564
-3,1414370224083981
0,1414370224084398
-3,1414370224084815
0,1414370224085232
4,1414370224085648
4,1414370224086065
7,1414370224086482
3,1414370224086898
4,1414370224087315
3,1414370224087732
9,1414370224088149
5,1414370224088566
4,1414370224088982
1,1414370224089399
6,1414370224089816
0,1414370224090232
3,1414370224090649
-2,1414370224091066
4,1414370224091483
-3,1414370224091900
2,1414370224092316
1,1414370224092733
0,1414370224093150
1,1414370224093566
0,1414370224093983
-4,1414370224094400
-4,1414370224094817
3,1414370224095234
2,1414370224095650
-1,1414370224096067
-4,1414370224096484
-7,1414370224096900
-1,1414370224097317
-3,1414370224097734
-2,1414370224098151
-1,1414370224098568
6,1414370224098984
1,1414370224099401
3,1414370224099818
-2,1414370224100234
2,1414370224100651
2,1414370224101068
-2,1414370224101485
-4,1414370224101902
-1,1414370224102318
5,1414370224102735
4,1414370224103152
7,1414370224103568
1,1414370224103985
5,1414370224104402
0,1414370224104819
5,1414370224105236
0,1414370224105652
3,1414370224106069
4,1414370224106486
5,1414370224106902
-3,1414370224107319
-4,1414370224107736
-6,1414370224108153
-7,1414370224108570
-2,1414370224108986
1,1414370224109403
-3,1414370224109820
4,1414370224110236
-1,1414370224110653
-4,1414370224111070
5,1414370224111487
0,1414370224111904
-3,1414370224112320
1,1414370224112737
3,1414370224113154
-4,1414370224113570
-4,1414370224113987
0,1414370224114404
-1,1414370224114821
1,1414370224115238
1,1414370224115654
0,1414370224116071
0,1414370224116488
3,1414370224116904
0,1414370224117321
0,1414370224117738
1,1414370224118155
0,1414370224118572
0,1414370224118988
0,1414370224119405
3,1414370224119822
-1,1414370224120238
-2,1414370224120655
-3,1414370224121072
5,1414370224121489
1,1414370224121906
-3,1414370224122322
0,1414370224122739
3,1414370224123156
0,1414370224123572
2,1414370224123989
-2,1414370224124406
-1,1414370224124823
4,1414370224125240
4,1414370224125656
-3,1414370224126073
2,1414370224126490
-6,1414370224126906
4,1414370224127323
-2,1414370224127740
-3,1414370224128157
-4,1414370224128574
-4,1414370224128990
-3,1414370224129407
5,1414370224129824
0,1414370224130240
-3,1414370224130657
-11,1414370224131074
1,1414370224131491
-3,1414370224131908
3,1414370224132324
2,1414370224132741
4,1414370224133158
5,1414370224133574
5,1414370224133991
-1,1414370224134408
-4,1414370224134825
0,1414370224135242
1,1414370224135658
-2,1414370224136075
5,1414370224136492
4,1414370224136908
-2,1414370224137325
-1,1414370224137742
3,1414370224138159
-1,1414370224138576
2,1414370224138992
1,1414370224139409
5,1414370224139826
1,1414370224140242
3,1414370224140659
7,1414370224141076
1,1414370224141493
0,1414370224141910
4,1414370224142326
1,1414370224142743
4,1414370224143160
0,1414370224143576
0,1414370224143993
-3,1414370224266312
0,1414370224266729
0,1414370224267146
1,1414370224267562
-4,1414370224267979
-4,1414370224268396
2,1414370224268812
8,1414370224269229
-3,1414370224269646
-4,1414370224270063
0,1414370224270480
0,1414370224270896
2,1414370224271313
-3,1414370224271730
1,1414370224272146
-1,1414370224272563
-3,1414370224272980
-3,1414370224273397
0,1414370224273814
1,1414370224274230
-4,1414370224274647
5,1414370224275064
9,1414370224275480
0,1414370224275897
5,1414370224276314
4,1414370224276731
-3,1414370224277148
5,1414370224277564
-7,1414370224277981
-1,1414370224278398
2,1414370224278814
-2,1414370224279231
-2,1414370224279648
-2,1414370224280065
-1,1414370224280482
0,1414370224280898
4,1414370224281315
0,1414370224281732
3,1414370224282148
9,1414370224282565
-2,1414370224282982
5,1414370224283399
-4,1414370224283816
0,1414370224284232
-3,1414370224284649
0,1414370224285066
0,1414370224285482
-3,1414370224285899
-4,1414370224286316
5,1414370224286733
-4,1414370224287150
-4,1414370224287566
0,1414370224287983
-2,1414370224288400
5,1414370224288816
3,1414370224289233
0,1414370224289650
-4,1414370224290067
-4,1414370224290484
-4,1414370224290900
2,1414370224291317
0,1414370224291734
4,1414370224292150
0,1414370224292567
1,1414370224292984
5,1414370224293401
-2,1414370224293818
5,1414370224294234
4,1414370224294651
5,1414370224295068
6,1414370224295484
5,1414370224295901
1,1414370224296318
-2,1414370224296735
4,1414370224297152
5,1414370224297568
0,1414370224297985
4,1414370224298402
3,1414370224298818
0,1414370224299235
4,1414370224299652
-4,1414370224300069
1,1414370224300486
0,1414370224300902
0,1414370224301319
0,1414370224301736
0,1414370224302152
-1,1414370224302569
-4,1414370224302986
0,1414370224303403
3,1414370224303820
0,1414370224304236
2,1414370224304653
2,1414370224305070
-3,1414370224305486
-4,1414370224305903
4,1414370224306320
1,1414370224306737
4,1414370224307154
3,1414370224307570
-2,1414370224307987
0,1414370224308404
0,1414370224308820
0,1414370224309237
5,1414370224309654
-3,1414370224310071
5,1414370224310488
4,1414370224310904
4,1414370224311321
1,1414370224311738
-2,1414370224312154
0,1414370224312571
3,1414370224312988
-4,1414370224313405
-2,1414370224313822
4,1414370224314238
3,1414370224314655
-3,1414370224315072
-3,1414370224315488
-2,1414370224315905
4,1414370224316322
4,1414370224316739
-7,1414370224317156
-4,1414370224317572
5,1414370224317989
-4,1414370224318406
4,1414370224318822
3,1414370224319239
6,1414370224319656
-10,1414370224320073
3,1414370224320490
0,1414370224320906
1,1414370224321323
0,1414370224321740
-3,1414370224322156
0,1414370224322573
-2,1414370224322990
2,1414370224323407
5,1414370224323824
0,1414370224324240
3,1414370224324657
0,1414370224325074
7,1414370224325490
4,1414370224325907
4,1414370224326324
7,1414370224326741
3,1414370224327158
3,1414370224327574
0,1414370224327991
2,1414370224328408
-3,1414370224328824
-4,1414370224329241
-4,1414370224329658
0,1414370224330075
5,1414370224330492
0,1414370224330908
-1,1414370224331325
-1,1414370224331742
0,1414370224332158
-4,1414370224332575
4,1414370224332992
-3,1414370224333409
5,1414370224333826
-1,1414370224334242
2,1414370224334659
0,1414370224335076
-3,1414370224335492
4,1414370224335909
0,1414370224336326
-3,1414370224336743
0,1414370224337160
1,1414370224337576
0,1414370224337993
4,1414370224338410
8,1414370224338826
-2,1414370224339243
0,1414370224339660
-4,1414370224340077
1,1414370224340494
-4,1414370224340910
2,1414370224341327
3,1414370224341744
0,1414370224342160
3,1414370224342577
3,1414370224342994
-4,1414370224343411
0,1414370224343828
6,1414370224344244
6,1414370224344661
0,1414370224345078
1,1414370224345494
-6,1414370224345911
-4,1414370224346328
1,1414370224346745
7,1414370224347162
5,1414370224347578
-2,1414370224347995
0,1414370224348412
9,1414370224348828
-2,1414370224349245
-6,1414370224525390
1,1414370224525807
-4,1414370224526224
-4,1414370224526640
-5,1414370224527057
-3,1414370224527474
-4,1414370224527890
-4,1414370224528307
3,1414370224528724
0,1414370224529141
0,1414370224529558
2,1414370224529974
0,1414370224530391
4,1414370224530808
1,1414370224531224
-4,1414370224531641
0,1414370224532058
2,1414370224532475
-1,1414370224532892
4,1414370224533308
-3,1414370224533725
4,1414370224534142
7,1414370224534558
-3,1414370224534975
0,1414370224535392
-4,1414370224535809
4,1414370224536226
4,1414370224536642
-4,1414370224537059
-1,1414370224537476
4,1414370224537892
0,1414370224538309
-3,1414370224538726
0,1414370224539143
8,1414370224539560
-4,1414370224539976
-1,1414370224540393
-4,1414370224540810
1,1414370224541226
0,1414370224541643
1,1414370224542060
-1,1414370224542477
0,1414370224542894
-7,1414370224543310
0,1414370224543727
1,1414370224544144
0,1414370224544560
-1,1414370224544977
3,1414370224545394
4,1414370224545811
2,1414370224546228
4,1414370224546644
3,1414370224547061
2,1414370224547478
1,1414370224547894
1,1414370224548311
-3,1414370224548728
1,1414370224549145
-4,1414370224549562
1,1414370224549978
4,1414370224550395
-2,1414370224550812
4,1414370224551228
9,1414370224551645
4,1414370224552062
-1,1414370224552479
-4,1414370224552896
0,1414370224553312
1,1414370224553729
4,1414370224554146
2,1414370224554562
7,1414370224554979
1,1414370224555396
0,1414370224555813
3,1414370224556230
5,1414370224556646
2,1414370224557063
9,1414370224557480
-2,1414370224557896
5,1414370224558313
2,1414370224558730
-2,1414370224559147
-4,1414370224559564
-4,1414370224559980
-4,1414370224560397
3,1414370224560814
0,1414370224561230
0,1414370224561647
-4,1414370224562064
7,1414370224562481
0,1414370224562898
1,1414370224563314
3,1414370224563731
1,1414370224564148
-3,1414370224564564
-3,1414370224564981
1,1414370224565398
-4,1414370224565815
-4,1414370224566232
-4,1414370224566648
3,1414370224567065
0,1414370224567482
-1,1414370224567898
4,1414370224568315
3,1414370224568732
-4,1414370224569149
-4,1414370224569566
-3,1414370224569982
-4,1414370224570399
0,1414370224570816
1,1414370224571232
-4,1414370224571649
-6,1414370224572066
-2,1414370224572483
0,1414370224572900
6,1414370224573316
5,1414370224573733
-5,1414370224574150
-1,1414370224574566
2,1414370224574983
-7,1414370224575400
-3,1414370224575817
-4,1414370224576234
-2,1414370224576650
-4,1414370224577067
3,1414370224577484
0,1414370224577900
-1,1414370224578317
-2,1414370224578734
-4,1414370224579151
0,1414370224579568
2,1414370224579984
4,1414370224580401
-4,1414370224580818
5,1414370224581234
2,1414370224581651
0,1414370224582068
4,1414370224582485
0,1414370224582902
1,1414370224583318
0,1414370224583735
5,1414370224584152
2,1414370224584568
1,1414370224584985
4,1414370224585402
9,1414370224585819
5,1414370224586236
4,1414370224586652
4,1414370224587069
-4,1414370224587486
-4,1414370224587902
4,1414370224588319
-4,1414370224588736
4,1414370224589153
5,1414370224589570
9,1414370224589986
-2,1414370224590403
0,1414370224590820
0,1414370224591236
-2,1414370224591653
-4,1414370224592070
-4,1414370224592487
0,1414370224592904
-4,1414370224593320
-4,1414370224593737
0,1414370224594154
-4,1414370224594570
2,1414370224594987
4,1414370224595404
-1,1414370224595821
5,1414370224596238
2,1414370224596654
0,1414370224597071
4,1414370224597488
4,1414370224597904
-7,1414370224598321
4,1414370224598738
0,1414370224599155
1,1414370224599572
1,1414370224599988
-5,1414370224600405
8,1414370224600822
4,1414370224601238
4,1414370224601655
0,1414370224602072
1,1414370224602489
-4,1414370224602906
-2,1414370224603322
4,1414370224603739
-3,1414370224604156
-5,1414370224604572
4,1414370224604989
-9,1414370224605406
-4,1414370224605823
2,1414370224606240
5,1414370224606656
2,1414370224607073
5,1414370224607490
0,1414370224607906
1,1414370224608323
