-2,1414733692814194
-2,1414733692814611
4,1414733692815028
8,1414733692815444
0,1414733692815861
8,1414733692816278
0,1414733692816694
0,1414733692817111
-3,1414733692817528
6,1414733692817945
-31,1414733692818362
0,1414733692818778
1,1414733692819195
6,1414733692819612
-2,1414733692820028
3,1414733692820445
-1,1414733692820862
4,1414733692821279
5,1414733692821696
-1,1414733692822112
0,1414733692822529
-6,1414733692822946
0,1414733692823362
9,1414733692823779
0,1414733692824196
2,1414733692824613
0,1414733692825030
-1,1414733692825446
34,1414733692825863
4,1414733692826280
-3,1414733692826696
1,1414733692827113
0,1414733692827530
0,1414733692827947
-2,1414733692828364
3,1414733692828780
4,1414733692829197
2,1414733692829614
2,1414733692830030
0,1414733692830447
0,1414733692830864
0,1414733692831281
4,1414733692831698
-2,1414733692832114
-2,1414733692832531
-3,1414733692832948
-30,1414733692833364
1,1414733692833781
2,1414733692834198
0,1414733692834615
1,1414733692835032
0,1414733692835448
-6,1414733692835865
-2,1414733692836282
-4,1414733692836698
-3,1414733692837115
-2,1414733692837532
0,1414733692837949
2,1414733692838366
-6,1414733692838782
2,1414733692839199
0,1414733692839616
3,1414733692840032
0,1414733692840449
26,1414733692840866
2,1414733692841283
1,1414733692841700
0,1414733692842116
3,1414733692842533
-4,1414733692842950
2,1414733692843366
-2,1414733692843783
0,1414733692844200
1,1414733692844617
3,1414733692845034
2,1414733692845450
1,1414733692845867
-5,1414733692846284
0,1414733692846700
0,1414733692847117
8,1414733692847534
-2,1414733692847951
-28,1414733692848368
1,1414733692848784
4,1414733692849201
1,1414733692849618
0,1414733692850034
0,1414733692850451
2,1414733692850868
2,1414733692851285
2,1414733692851702
0,1414733692852118
4,1414733692852535
2,1414733692852952
0,1414733692853368
2,1414733692853785
4,1414733692854202
-1,1414733692854619
0,1414733692855036
13,1414733692855452
27,1414733692855869
3,1414733692856286
0,1414733692856702
2,1414733692857119
0,1414733692857536
6,1414733692857953
4,1414733692858370
4,1414733692858786
2,1414733692859203
4,1414733692859620
4,1414733692860036
2,1414733692860453
8,1414733692860870
-3,1414733692861287
-1,1414733692861704
6,1414733692862120
4,1414733692862537
-10,1414733692862954
-14,1414733692863370
4,1414733692863787
8,1414733692864204
3,1414733692864621
-1,1414733692865038
3,1414733692865454
-3,1414733692865871
6,1414733692866288
4,1414733692866704
1,1414733692867121
2,1414733692867538
2,1414733692867955
4,1414733692868372
4,1414733692868788
1,1414733692869205
2,1414733692869622
1,1414733692870038
16,1414733692870455
18,1414733692870872
6,1414733692871289
3,1414733692871706
0,1414733692872122
2,1414733692872539
0,1414733692872956
3,1414733692873372
-2,1414733692873789
0,1414733692874206
0,1414733692874623
2,1414733692875040
3,1414733692875456
5,1414733692875873
2,1414733692876290
3,1414733692876706
-2,1414733692877123
1,1414733692877540
-16,1414733692877957
-20,1414733692878374
-2,1414733692878790
2,1414733692879207
1,1414733692879624
1,1414733692880040
2,1414733692880457
3,1414733692880874
9,1414733692881291
6,1414733692881708
0,1414733692882124
0,1414733692882541
0,1414733692882958
2,1414733692883374
0,1414733692883791
5,1414733692884208
2,1414733692884625
2,1414733692885042
17,1414733692885458
20,1414733692885875
1,1414733692886292
-3,1414733692886708
2,1414733692887125
0,1414733692887542
1,1414733692887959
-5,1414733692888376
1,1414733692888792
-2,1414733692889209
4,1414733692889626
3,1414733692890042
6,1414733692890459
4,1414733692890876
-3,1414733692891293
-5,1414733692891710
3,1414733692892126
4,1414733692892543
-23,1414733692892960
-11,1414733692893376
0,1414733692893793
0,1414733692894210
8,1414733692894627
8,1414733692895044
-1,1414733692895460
-4,1414733692895877
-2,1414733692896294
4,1414733692896710
-5,1414733692897127
2,1414733693158533
4,1414733693158950
1,1414733693159366
-69,1414733693159783
-58,1414733693160200
-39,1414733693160617
-5,1414733693161034
2,1414733693161450
2,1414733693161867
0,1414733693162284
-1,1414733693162700
1,1414733693163117
0,1414733693163534
-1,1414733693163951
3,1414733693164368
1,1414733693164784
7,1414733693165201
3,1414733693165618
3,1414733693166034
-2,1414733693166451
1,1414733693166868
79,1414733693167285
56,1414733693167702
41,1414733693168118
11,1414733693168535
2,1414733693168952
0,1414733693169368
4,1414733693169785
2,1414733693170202
-1,1414733693170619
3,1414733693171036
-1,1414733693171452
7,1414733693171869
1,1414733693172286
-4,1414733693172702
2,1414733693173119
1,1414733693173536
1,1414733693173953
1,1414733693174370
-81,1414733693174786
-65,1414733693175203
-44,1414733693175620
-5,1414733693176036
-4,1414733693176453
-5,1414733693176870
3,1414733693177287
-1,1414733693177704
4,1414733693178120
0,1414733693178537
-5,1414733693178954
2,1414733693179370
2,1414733693179787
1,1414733693180204
0,1414733693180621
2,1414733693181038
-1,1414733693181454
1,1414733693181871
79,1414733693182288
66,1414733693182704
35,1414733693183121
10,1414733693183538
2,1414733693183955
0,1414733693184372
1,1414733693184788
-1,1414733693185205
7,1414733693185622
0,1414733693186038
3,1414733693186455
6,1414733693186872
-2,1414733693187289
-1,1414733693187706
0,1414733693188122
6,1414733693188539
3,1414733693188956
-4,1414733693189372
-72,1414733693189789
-72,1414733693190206
-30,1414733693190623
-8,1414733693191040
-1,1414733693191456
2,1414733693191873
-1,1414733693192290
5,1414733693192706
0,1414733693193123
-1,1414733693193540
-1,1414733693193957
-1,1414733693194374
1,1414733693194790
-4,1414733693195207
1,1414733693195624
7,1414733693196040
11,1414733693196457
6,1414733693196874
72,1414733693197291
75,1414733693197708
31,1414733693198124
9,1414733693198541
0,1414733693198958
0,1414733693199374
0,1414733693199791
-1,1414733693200208
2,1414733693200625
-2,1414733693201042
0,1414733693201458
-3,1414733693201875
1,1414733693202292
5,1414733693202708
-2,1414733693203125
3,1414733693203542
2,1414733693203959
-5,1414733693204376
-78,1414733693204792
-65,1414733693205209
-30,1414733693205626
-6,1414733693206042
7,1414733693206459
0,1414733693206876
2,1414733693207293
3,1414733693207710
3,1414733693208126
2,1414733693208543
0,1414733693208960
3,1414733693209376
-2,1414733693209793
0,1414733693210210
4,1414733693210627
-1,1414733693211044
3,1414733693211460
8,1414733693211877
75,1414733693212294
71,1414733693212710
27,1414733693213127
7,1414733693213544
-1,1414733693213961
-1,1414733693214378
-1,1414733693214794
2,1414733693215211
3,1414733693215628
3,1414733693216044
3,1414733693216461
-2,1414733693216878
-4,1414733693217295
7,1414733693217712
3,1414733693218128
1,1414733693218545
2,1414733693218962
-17,1414733693219378
-68,1414733693219795
-69,1414733693220212
-29,1414733693220629
-5,1414733693221046
-8,1414733693221462
2,1414733693221879
4,1414733693222296
-1,1414733693222712
-1,1414733693223129
3,1414733693223546
1,1414733693223963
-1,1414733693224380
1,1414733693224796
0,1414733693225213
3,1414733693225630
-1,1414733693226046
2,1414733693226463
27,1414733693226880
75,1414733693227297
59,1414733693227714
20,1414733693228130
9,1414733693228547
3,1414733693228964
3,1414733693229380
1,1414733693229797
3,1414733693230214
-3,1414733693230631
0,1414733693231048
-4,1414733693231464
4,1414733693231881
0,1414733693232298
-1,1414733693232714
1,1414733693233131
2,1414733693233548
-5,1414733693233965
-29,1414733693234382
-69,1414733693234798
-61,1414733693235215
-23,1414733693235632
-1,1414733693236048
-1,1414733693236465
7,1414733693236882
3,1414733693237299
7,1414733693237716
3,1414733693238132
9,1414733693238549
-2,1414733693238966
-1,1414733693239382
0,1414733693239799
-1,1414733693240216
7,1414733693240633
4,1414733693241050
-1,1414733693241466
39,1414733693351610
71,1414733693352027
61,1414733693352444
19,1414733693352860
7,1414733693353277
-1,1414733693353694
2,1414733693354110
-1,1414733693354527
-1,1414733693354944
3,1414733693355361
2,1414733693355778
5,1414733693356194
1,1414733693356611
1,1414733693357028
7,1414733693357444
3,1414733693357861
-4,1414733693358278
4,1414733693358695
-47,1414733693359112
-67,1414733693359528
-57,1414733693359945
-21,1414733693360362
-6,1414733693360778
0,1414733693361195
-1,1414733693361612
7,1414733693362029
-4,1414733693362446
-1,1414733693362862
5,1414733693363279
-4,1414733693363696
-1,1414733693364112
3,1414733693364529
-2,1414733693364946
-1,1414733693365363
-1,1414733693365780
-5,1414733693366196
50,1414733693366613
68,1414733693367030
52,1414733693367446
15,1414733693367863
11,1414733693368280
-1,1414733693368697
-2,1414733693369114
2,1414733693369530
3,1414733693369947
7,1414733693370364
2,1414733693370780
2,1414733693371197
0,1414733693371614
0,1414733693372031
3,1414733693372448
-1,1414733693372864
-2,1414733693373281
-4,1414733693373698
-48,1414733693374114
-69,1414733693374531
-62,1414733693374948
-7,1414733693375365
-5,1414733693375782
0,1414733693376198
1,1414733693376615
-1,1414733693377032
3,1414733693377448
0,1414733693377865
3,1414733693378282
-3,1414733693378699
1,1414733693379116
2,1414733693379532
3,1414733693379949
-1,1414733693380366
-1,1414733693380782
0,1414733693381199
61,1414733693381616
67,1414733693382033
49,1414733693382450
16,1414733693382866
10,1414733693383283
0,1414733693383700
0,1414733693384116
1,1414733693384533
-1,1414733693384950
1,1414733693385367
7,1414733693385784
4,1414733693386200
2,1414733693386617
3,1414733693387034
-1,1414733693387450
1,1414733693387867
3,1414733693388284
4,1414733693388701
-66,1414733693389118
-63,1414733693389534
-49,1414733693389951
-10,1414733693390368
-4,1414733693390784
1,1414733693391201
-1,1414733693391618
-1,1414733693392035
3,1414733693392452
0,1414733693392868
0,1414733693393285
-2,1414733693393702
4,1414733693394118
4,1414733693394535
-4,1414733693394952
-7,1414733693395369
1,1414733693395786
1,1414733693396202
79,1414733693396619
59,1414733693397036
37,1414733693397452
15,1414733693397869
5,1414733693398286
4,1414733693398703
3,1414733693399120
-3,1414733693399536
2,1414733693399953
5,1414733693400370
4,1414733693400786
0,1414733693401203
1,1414733693401620
-1,1414733693402037
2,1414733693402454
-1,1414733693402870
3,1414733693403287
-2,1414733693403704
-75,1414733693404120
-67,1414733693404537
-49,1414733693404954
-9,1414733693405371
1,1414733693405788
-2,1414733693406204
-1,1414733693406621
2,1414733693407038
3,1414733693407454
2,1414733693407871
-5,1414733693408288
-2,1414733693408705
-4,1414733693409122
3,1414733693409538
1,1414733693409955
-2,1414733693410372
-2,1414733693410788
-2,1414733693411205
73,1414733693411622
64,1414733693412039
33,1414733693412456
15,1414733693412872
3,1414733693413289
-2,1414733693413706
3,1414733693414122
-4,1414733693414539
0,1414733693414956
2,1414733693415373
-1,1414733693415790
-4,1414733693416206
3,1414733693416623
2,1414733693417040
4,1414733693417456
3,1414733693417873
7,1414733693418290
1,1414733693418707
-78,1414733693419124
-57,1414733693419540
-34,1414733693419957
-14,1414733693420374
-6,1414733693420790
-5,1414733693421207
0,1414733693421624
1,1414733693422041
-2,1414733693422458
2,1414733693422874
-1,1414733693423291
-1,1414733693423708
3,1414733693424124
1,1414733693424541
3,1414733693424958
5,1414733693425375
3,1414733693425792
1,1414733693426208
83,1414733693426625
58,1414733693427042
39,1414733693427458
11,1414733693427875
0,1414733693428292
3,1414733693428709
-4,1414733693429126
7,1414733693429542
3,1414733693429959
1,1414733693430376
-1,1414733693430792
-5,1414733693431209
1,1414733693431626
2,1414733693432043
-1,1414733693432460
4,1414733693432876
3,1414733693433293
-1,1414733693433710
-85,1414733693434126
-45,1414733693434543
-29,1414733693561036
-5,1414733693561453
-5,1414733693561870
-8,1414733693562286
-3,1414733693562703
7,1414733693563120
3,1414733693563536
3,1414733693563953
4,1414733693564370
2,1414733693564787
1,1414733693565204
7,1414733693565620
3,1414733693566037
-1,1414733693566454
-3,1414733693566870
4,1414733693567287
81,1414733693567704
61,1414733693568121
33,1414733693568538
15,1414733693568954
-3,1414733693569371
0,1414733693569788
2,1414733693570204
3,1414733693570621
-1,1414733693571038
3,1414733693571455
3,1414733693571872
3,1414733693572288
2,1414733693572705
5,1414733693573122
0,1414733693573538
-2,1414733693573955
0,1414733693574372
-6,1414733693574789
-83,1414733693575206
-55,1414733693575622
-33,1414733693576039
-13,1414733693576456
4,1414733693576872
7,1414733693577289
3,1414733693577706
-1,1414733693578123
1,1414733693578540
-1,1414733693578956
0,1414733693579373
-1,1414733693579790
0,1414733693580206
0,1414733693580623
3,1414733693581040
1,1414733693581457
0,1414733693581874
15,1414733693582290
83,1414733693582707
58,1414733693583124
25,1414733693583540
7,1414733693583957
-1,1414733693584374
-4,1414733693584791
1,1414733693585208
-5,1414733693585624
2,1414733693586041
4,1414733693586458
4,1414733693586874
3,1414733693587291
0,1414733693587708
-1,1414733693588125
3,1414733693588542
-3,1414733693588958
5,1414733693589375
-17,1414733693589792
-84,1414733693590208
-48,1414733693590625
-25,1414733693591042
-6,1414733693591459
-3,1414733693591876
1,1414733693592292
8,1414733693592709
9,1414733693593126
1,1414733693593542
3,1414733693593959
-4,1414733693594376
4,1414733693594793
-4,1414733693595210
-2,1414733693595626
-2,1414733693596043
0,1414733693596460
3,1414733693596876
29,1414733693597293
87,1414733693597710
47,1414733693598127
20,1414733693598544
15,1414733693598960
4,1414733693599377
-2,1414733693599794
0,1414733693600210
8,1414733693600627
1,1414733693601044
-2,1414733693601461
0,1414733693601878
-1,1414733693602294
-1,1414733693602711
0,1414733693603128
4,1414733693603544
3,1414733693603961
7,1414733693604378
-32,1414733693604795
-77,1414733693605212
-51,1414733693605628
-21,1414733693606045
-8,1414733693606462
3,1414733693606878
3,1414733693607295
-1,1414733693607712
1,1414733693608129
3,1414733693608546
0,1414733693608962
1,1414733693609379
0,1414733693609796
-2,1414733693610212
0,1414733693610629
1,1414733693611046
1,1414733693611463
-1,1414733693611880
39,1414733693612296
85,1414733693612713
54,1414733693613130
16,1414733693613546
8,1414733693613963
-5,1414733693614380
1,1414733693614797
3,1414733693615214
-3,1414733693615630
2,1414733693616047
2,1414733693616464
1,1414733693616880
7,1414733693617297
-3,1414733693617714
1,1414733693618131
0,1414733693618548
-1,1414733693618964
-9,1414733693619381
-46,1414733693619798
-81,1414733693620214
-45,1414733693620631
-26,1414733693621048
-5,1414733693621465
-6,1414733693621882
0,1414733693622298
3,1414733693622715
1,1414733693623132
-1,1414733693623548
8,1414733693623965
1,1414733693624382
-2,1414733693624799
3,1414733693625216
-1,1414733693625632
0,1414733693626049
2,1414733693626466
-6,1414733693626882
49,1414733693627299
80,1414733693627716
47,1414733693628133
19,1414733693628550
7,1414733693628966
3,1414733693629383
2,1414733693629800
3,1414733693630216
-2,1414733693630633
1,1414733693631050
3,1414733693631467
0,1414733693631884
0,1414733693632300
-2,1414733693632717
0,1414733693633134
-3,1414733693633550
1,1414733693633967
0,1414733693634384
-61,1414733693634801
-79,1414733693635218
-46,1414733693635634
-13,1414733693636051
-6,1414733693636468
-6,1414733693636884
5,1414733693637301
-3,1414733693637718
-1,1414733693638135
5,1414733693638552
0,1414733693638968
-3,1414733693639385
1,1414733693639802
-4,1414733693640218
1,1414733693640635
0,1414733693641052
7,1414733693641469
1,1414733693641886
63,1414733693642302
79,1414733693642719
43,1414733693643136
15,1414733693643552
8,1414733693643969
0,1414733693760149
0,1414733693760566
5,1414733693760982
4,1414733693761399
4,1414733693761816
-1,1414733693762233
0,1414733693762650
4,1414733693763066
-3,1414733693763483
5,1414733693763900
4,1414733693764316
2,1414733693764733
0,1414733693765150
-56,1414733693765567
-87,1414733693765984
-46,1414733693766400
-14,1414733693766817
-4,1414733693767234
-2,1414733693767650
-6,1414733693768067
-1,1414733693768484
2,1414733693768901
-6,1414733693769318
1,1414733693769734
0,1414733693770151
2,1414733693770568
4,1414733693770984
3,1414733693771401
1,1414733693771818
2,1414733693772235
2,1414733693772652
54,1414733693773068
80,1414733693773485
51,1414733693773902
20,1414733693774318
16,1414733693774735
1,1414733693775152
2,1414733693775569
6,1414733693775986
-6,1414733693776402
8,1414733693776819
4,1414733693777236
4,1414733693777652
1,1414733693778069
4,1414733693778486
0,1414733693778903
4,1414733693779320
4,1414733693779736
2,1414733693780153
-54,1414733693780570
-77,1414733693780986
-48,1414733693781403
-16,1414733693781820
-4,1414733693782237
5,1414733693782654
-3,1414733693783070
4,1414733693783487
4,1414733693783904
2,1414733693784320
8,1414733693784737
4,1414733693785154
-3,1414733693785571
2,1414733693785988
-2,1414733693786404
2,1414733693786821
-2,1414733693787238
1,1414733693787654
48,1414733693788071
80,1414733693788488
50,1414733693788905
6,1414733693789322
10,1414733693789738
-3,1414733693790155
1,1414733693790572
10,1414733693790988
2,1414733693791405
0,1414733693791822
4,1414733693792239
0,1414733693792656
1,1414733693793072
3,1414733693793489
4,1414733693793906
3,1414733693794322
-1,1414733693794739
-1,1414733693795156
-52,1414733693795573
-81,1414733693795990
-48,1414733693796406
-8,1414733693796823
0,1414733693797240
2,1414733693797656
4,1414733693798073
0,1414733693798490
3,1414733693798907
8,1414733693799324
-3,1414733693799740
2,1414733693800157
6,1414733693800574
4,1414733693800990
1,1414733693801407
0,1414733693801824
1,1414733693802241
-6,1414733693802658
60,1414733693803074
80,1414733693803491
44,1414733693803908
16,1414733693804324
16,1414733693804741
2,1414733693805158
0,1414733693805575
-2,1414733693805992
0,1414733693806408
6,1414733693806825
0,1414733693807242
5,1414733693807658
4,1414733693808075
0,1414733693808492
1,1414733693808909
4,1414733693809326
4,1414733693809742
1,1414733693810159
-70,1414733693810576
-66,1414733693810992
-47,1414733693811409
-10,1414733693811826
-2,1414733693812243
3,1414733693812660
6,1414733693813076
2,1414733693813493
0,1414733693813910
3,1414733693814326
2,1414733693814743
10,1414733693815160
-2,1414733693815577
3,1414733693815994
1,1414733693816410
2,1414733693816827
0,1414733693817244
-3,1414733693817660
80,1414733693818077
61,1414733693818494
39,1414733693818911
12,1414733693819328
6,1414733693819744
1,1414733693820161
4,1414733693820578
2,1414733693820994
1,1414733693821411
2,1414733693821828
4,1414733693822245
5,1414733693822662
1,1414733693823078
0,1414733693823495
3,1414733693823912
-2,1414733693824328
0,1414733693824745
0,1414733693825162
-81,1414733693825579
-50,1414733693825996
-44,1414733693826412
-10,1414733693826829
0,1414733693827246
9,1414733693827662
4,1414733693828079
-2,1414733693828496
-3,1414733693828913
6,1414733693829330
4,1414733693829746
0,1414733693830163
4,1414733693830580
6,1414733693830996
-9,1414733693831413
3,1414733693831830
5,1414733693832247
4,1414733693832664
84,1414733693833080
64,1414733693833497
34,1414733693833914
11,1414733693834330
2,1414733693834747
0,1414733693835164
4,1414733693835581
4,1414733693835998
7,1414733693836414
3,1414733693836831
4,1414733693837248
8,1414733693837664
4,1414733693838081
4,1414733693838498
0,1414733693838915
-4,1414733693839332
1,1414733693839748
0,1414733693840165
-77,1414733693840582
-61,1414733693840998
-35,1414733693841415
-3,1414733693841832
0,1414733693842249
-3,1414733693842666
-3,1414733693843082
-1,1414733693956061
-1,1414733693956478
-3,1414733693956894
0,1414733693957311
3,1414733693957728
1,1414733693958145
2,1414733693958562
-1,1414733693958978
4,1414733693959395
-3,1414733693959812
-1,1414733693960228
82,1414733693960645
59,1414733693961062
33,1414733693961479
9,1414733693961896
4,1414733693962312
1,1414733693962729
3,1414733693963146
-2,1414733693963562
-1,1414733693963979
8,1414733693964396
2,1414733693964813
1,1414733693965230
0,1414733693965646
7,1414733693966063
-4,1414733693966480
3,1414733693966896
5,1414733693967313
2,1414733693967730
-79,1414733693968147
-54,1414733693968564
-35,1414733693968980
-7,1414733693969397
0,1414733693969814
-5,1414733693970230
-4,1414733693970647
1,1414733693971064
2,1414733693971481
-1,1414733693971898
1,1414733693972314
4,1414733693972731
-1,1414733693973148
7,1414733693973564
5,1414733693973981
5,1414733693974398
-4,1414733693974815
0,1414733693975232
84,1414733693975648
49,1414733693976065
34,1414733693976482
10,1414733693976898
7,1414733693977315
5,1414733693977732
0,1414733693978149
5,1414733693978566
2,1414733693978982
-1,1414733693979399
2,1414733693979816
3,1414733693980232
0,1414733693980649
-1,1414733693981066
4,1414733693981483
-1,1414733693981900
0,1414733693982316
-1,1414733693982733
-81,1414733693983150
-56,1414733693983566
-40,1414733693983983
-10,1414733693984400
-4,1414733693984817
-1,1414733693985234
0,1414733693985650
-2,1414733693986067
1,1414733693986484
1,1414733693986900
-1,1414733693987317
2,1414733693987734
0,1414733693988151
2,1414733693988568
3,1414733693988984
5,1414733693989401
4,1414733693989818
2,1414733693990234
82,1414733693990651
59,1414733693991068
33,1414733693991485
11,1414733693991902
1,1414733693992318
1,1414733693992735
-4,1414733693993152
1,1414733693993568
6,1414733693993985
-2,1414733693994402
1,1414733693994819
5,1414733693995236
-3,1414733693995652
0,1414733693996069
-1,1414733693996486
-2,1414733693996902
0,1414733693997319
-3,1414733693997736
-87,1414733693998153
-57,1414733693998570
-39,1414733693998986
-5,1414733693999403
1,1414733693999820
1,1414733694000236
0,1414733694000653
0,1414733694001070
0,1414733694001487
-1,1414733694001904
0,1414733694002320
3,1414733694002737
3,1414733694003154
-1,1414733694003570
0,1414733694003987
4,1414733694004404
0,1414733694004821
3,1414733694005238
89,1414733694005654
52,1414733694006071
31,1414733694006488
15,1414733694006904
-1,1414733694007321
-4,1414733694007738
1,1414733694008155
1,1414733694008572
1,1414733694008988
1,1414733694009405
3,1414733694009822
3,1414733694010238
4,1414733694010655
2,1414733694011072
-1,1414733694011489
-1,1414733694011906
0,1414733694012322
-3,1414733694012739
-80,1414733694013156
-51,1414733694013572
-27,1414733694013989
-11,1414733694014406
6,1414733694014823
5,1414733694015240
3,1414733694015656
7,1414733694016073
-2,1414733694016490
-2,1414733694016906
8,1414733694017323
-4,1414733694017740
4,1414733694018157
3,1414733694018574
-2,1414733694018990
-1,1414733694019407
-3,1414733694019824
7,1414733694020240
83,1414733694020657
58,1414733694021074
32,1414733694021491
7,1414733694021908
0,1414733694022324
-1,1414733694022741
3,1414733694023158
2,1414733694023574
-5,1414733694023991
7,1414733694024408
-1,1414733694024825
1,1414733694025242
-3,1414733694025658
2,1414733694026075
0,1414733694026492
-1,1414733694026908
3,1414733694027325
-24,1414733694027742
-81,1414733694028159
-51,1414733694028576
-24,1414733694028992
-7,1414733694029409
-2,1414733694029826
-3,1414733694030242
-3,1414733694030659
2,1414733694031076
0,1414733694031493
3,1414733694031910
-5,1414733694032326
1,1414733694032743
-1,1414733694033160
0,1414733694033576
4,1414733694033993
1,1414733694034410
-1,1414733694034827
29,1414733694035244
83,1414733694035660
53,1414733694036077
19,1414733694036494
10,1414733694036910
5,1414733694037327
1,1414733694037744
-1,1414733694038161
3,1414733694038578
3,1414733694038994
-4,1414733694131457
8,1414733694131874
4,1414733694132290
4,1414733694132707
-4,1414733694133124
4,1414733694133541
0,1414733694133958
4,1414733694134374
-33,1414733694134791
-80,1414733694135208
-56,1414733694135624
-22,1414733694136041
-4,1414733694136458
1,1414733694136875
-3,1414733694137292
0,1414733694137708
4,1414733694138125
-2,1414733694138542
-5,1414733694138958
1,1414733694139375
2,1414733694139792
2,1414733694140209
-2,1414733694140626
0,1414733694141042
-1,1414733694141459
2,1414733694141876
36,1414733694142292
82,1414733694142709
58,1414733694143126
20,1414733694143543
8,1414733694143960
0,1414733694144376
4,1414733694144793
0,1414733694145210
1,1414733694145626
4,1414733694146043
1,1414733694146460
4,1414733694146877
0,1414733694147294
5,1414733694147710
6,1414733694148127
4,1414733694148544
0,1414733694148960
3,1414733694149377
-38,1414733694149794
-71,1414733694150211
-58,1414733694150628
-20,1414733694151044
-4,1414733694151461
1,1414733694151878
-4,1414733694152294
2,1414733694152711
-1,1414733694153128
1,1414733694153545
-6,1414733694153962
-8,1414733694154378
1,1414733694154795
4,1414733694155212
4,1414733694155628
4,1414733694156045
2,1414733694156462
-2,1414733694156879
41,1414733694157296
82,1414733694157712
54,1414733694158129
18,1414733694158546
16,1414733694158962
4,1414733694159379
6,1414733694159796
3,1414733694160213
2,1414733694160630
4,1414733694161046
5,1414733694161463
3,1414733694161880
5,1414733694162296
5,1414733694162713
-3,1414733694163130
2,1414733694163547
3,1414733694163964
3,1414733694164380
-44,1414733694164797
-67,1414733694165214
-44,1414733694165630
-17,1414733694166047
-4,1414733694166464
6,1414733694166881
4,1414733694167298
3,1414733694167714
4,1414733694168131
2,1414733694168548
0,1414733694168964
4,1414733694169381
3,1414733694169798
2,1414733694170215
5,1414733694170632
3,1414733694171048
4,1414733694171465
0,1414733694171882
48,1414733694172298
65,1414733694172715
55,1414733694173132
20,1414733694173549
12,1414733694173966
8,1414733694174382
2,1414733694174799
8,1414733694175216
8,1414733694175632
-5,1414733694176049
-2,1414733694176466
-1,1414733694176883
4,1414733694177300
-1,1414733694177716
4,1414733694178133
6,1414733694178550
3,1414733694178966
4,1414733694179383
-52,1414733694179800
-68,1414733694180217
-46,1414733694180634
-20,1414733694181050
-4,1414733694181467
1,1414733694181884
-5,1414733694182300
-5,1414733694182717
-7,1414733694183134
8,1414733694183551
-5,1414733694183968
-2,1414733694184384
0,1414733694184801
0,1414733694185218
1,1414733694185634
4,1414733694186051
3,1414733694186468
5,1414733694186885
54,1414733694187302
60,1414733694187718
53,1414733694188135
12,1414733694188552
9,1414733694188968
-1,1414733694189385
3,1414733694189802
8,1414733694190219
4,1414733694190636
2,1414733694191052
4,1414733694191469
0,1414733694191886
4,1414733694192302
-3,1414733694192719
2,1414733694193136
2,1414733694193553
1,1414733694193970
-3,1414733694194386
-53,1414733694194803
-66,1414733694195220
-51,1414733694195636
-16,1414733694196053
-6,1414733694196470
0,1414733694196887
4,1414733694197304
4,1414733694197720
-3,1414733694198137
2,1414733694198554
-2,1414733694198970
-3,1414733694199387
0,1414733694199804
4,1414733694200221
-3,1414733694200638
8,1414733694201054
-2,1414733694201471
0,1414733694201888
68,1414733694202304
67,1414733694202721
52,1414733694203138
16,1414733694203555
10,1414733694203972
-2,1414733694204388
-2,1414733694204805
5,1414733694205222
0,1414733694205638
-3,1414733694206055
4,1414733694206472
0,1414733694206889
3,1414733694207306
1,1414733694207722
2,1414733694208139
3,1414733694208556
1,1414733694208972
0,1414733694209389
-66,1414733694209806
-56,1414733694210223
-48,1414733694210640
-16,1414733694211056
-4,1414733694211473
-5,1414733694211890
5,1414733694212306
8,1414733694212723
8,1414733694213140
0,1414733694213557
-5,1414733694213974
0,1414733694214390
-1,1414733694312484
2,1414733694312901
-5,1414733694313318
-1,1414733694313734
-1,1414733694314151
1,1414733694314568
75,1414733694314984
62,1414733694315401
48,1414733694315818
15,1414733694316235
11,1414733694316652
7,1414733694317068
4,1414733694317485
-1,1414733694317902
-3,1414733694318318
3,1414733694318735
-1,1414733694319152
4,1414733694319569
-2,1414733694319986
-1,1414733694320402
4,1414733694320819
2,1414733694321236
1,1414733694321652
-1,1414733694322069
-77,1414733694322486
-61,1414733694322903
-39,1414733694323320
-9,1414733694323736
-5,1414733694324153
0,1414733694324570
0,1414733694324986
-1,1414733694325403
-1,1414733694325820
-1,1414733694326237
-1,1414733694326654
0,1414733694327070
-1,1414733694327487
1,1414733694327904
3,1414733694328320
3,1414733694328737
-6,1414733694329154
-2,1414733694329571
79,1414733694329988
69,1414733694330404
32,1414733694330821
15,1414733694331238
0,1414733694331654
-3,1414733694332071
1,1414733694332488
-1,1414733694332905
1,1414733694333322
5,1414733694333738
-1,1414733694334155
3,1414733694334572
1,1414733694334988
3,1414733694335405
7,1414733694335822
3,1414733694336239
-3,1414733694336656
-3,1414733694337072
-85,1414733694337489
-57,1414733694337906
-36,1414733694338322
-9,1414733694338739
0,1414733694339156
-1,1414733694339573
2,1414733694339990
-2,1414733694340406
2,1414733694340823
2,1414733694341240
4,1414733694341656
-4,1414733694342073
0,1414733694342490
0,1414733694342907
-1,1414733694343324
0,1414733694343740
0,1414733694344157
16,1414733694344574
87,1414733694344990
44,1414733694345407
23,1414733694345824
2,1414733694346241
0,1414733694346658
2,1414733694347074
2,1414733694347491
1,1414733694347908
3,1414733694348324
1,1414733694348741
1,1414733694349158
-8,1414733694349575
0,1414733694349992
0,1414733694350408
-3,1414733694350825
-4,1414733694351242
0,1414733694351658
-29,1414733694352075
-77,1414733694352492
-58,1414733694352909
-22,1414733694353326
-6,1414733694353742
2,1414733694354159
4,1414733694354576
-1,1414733694354992
3,1414733694355409
1,1414733694355826
-1,1414733694356243
7,1414733694356660
1,1414733694357076
1,1414733694357493
-1,1414733694357910
4,1414733694358326
0,1414733694358743
3,1414733694359160
36,1414733694359577
65,1414733694359994
58,1414733694360410
15,1414733694360827
9,1414733694361244
4,1414733694361660
3,1414733694362077
-1,1414733694362494
-1,1414733694362911
3,1414733694363328
2,1414733694363744
-6,1414733694364161
-2,1414733694364578
5,1414733694364994
3,1414733694365411
5,1414733694365828
3,1414733694366245
-6,1414733694366662
-45,1414733694367078
-70,1414733694367495
-59,1414733694367912
-18,1414733694368328
-5,1414733694368745
0,1414733694369162
-2,1414733694369579
0,1414733694369996
-4,1414733694370412
0,1414733694370829
-1,1414733694371246
2,1414733694371662
-5,1414733694372079
1,1414733694372496
3,1414733694372913
1,1414733694373330
-3,1414733694373746
-2,1414733694374163
44,1414733694374580
67,1414733694374996
55,1414733694375413
16,1414733694375830
8,1414733694376247
-1,1414733694376664
1,1414733694377080
0,1414733694377497
1,1414733694377914
3,1414733694378330
2,1414733694378747
5,1414733694379164
5,1414733694379581
3,1414733694379998
3,1414733694380414
3,1414733694380831
-2,1414733694381248
1,1414733694381664
-47,1414733694382081
-61,1414733694382498
-55,1414733694382915
-17,1414733694383332
-7,1414733694383748
0,1414733694384165
1,1414733694384582
-4,1414733694384998
-2,1414733694385415
5,1414733694385832
2,1414733694386249
1,1414733694386666
-1,1414733694387082
-1,1414733694387499
1,1414733694387916
2,1414733694388332
0,1414733694388749
-6,1414733694389166
49,1414733694389583
71,1414733694390000
50,1414733694390416
15,1414733694390833
9,1414733694391250
2,1414733694391666
3,1414733694392083
1,1414733694392500
-3,1414733694392917
2,1414733694393334
3,1414733694393750
1,1414733694394167
1,1414733694394584
1,1414733694395000
5,1414733694395417
0,1414733694502294
8,1414733694502711
0,1414733694503128
-56,1414733694503544
-68,1414733694503961
-56,1414733694504378
-14,1414733694504794
-4,1414733694505211
-8,1414733694505628
5,1414733694506045
-3,1414733694506462
0,1414733694506878
3,1414733694507295
4,1414733694507712
0,1414733694508128
2,1414733694508545
0,1414733694508962
1,1414733694509379
5,1414733694509796
4,1414733694510212
2,1414733694510629
56,1414733694511046
68,1414733694511462
50,1414733694511879
8,1414733694512296
16,1414733694512713
4,1414733694513130
8,1414733694513546
0,1414733694513963
-2,1414733694514380
1,1414733694514796
4,1414733694515213
4,1414733694515630
3,1414733694516047
-4,1414733694516464
0,1414733694516880
4,1414733694517297
4,1414733694517714
4,1414733694518130
-64,1414733694518547
-69,1414733694518964
-44,1414733694519381
-20,1414733694519798
-4,1414733694520214
7,1414733694520631
2,1414733694521048
3,1414733694521464
4,1414733694521881
4,1414733694522298
0,1414733694522715
0,1414733694523132
0,1414733694523548
-1,1414733694523965
0,1414733694524382
5,1414733694524798
1,1414733694525215
4,1414733694525632
66,1414733694526049
70,1414733694526466
49,1414733694526882
16,1414733694527299
12,1414733694527716
4,1414733694528132
0,1414733694528549
2,1414733694528966
6,1414733694529383
5,1414733694529800
4,1414733694530216
10,1414733694530633
3,1414733694531050
4,1414733694531466
0,1414733694531883
3,1414733694532300
1,1414733694532717
4,1414733694533134
-72,1414733694533550
-62,1414733694533967
-48,1414733694534384
-10,1414733694534800
-3,1414733694535217
0,1414733694535634
2,1414733694536051
1,1414733694536468
3,1414733694536884
6,1414733694537301
-1,1414733694537718
6,1414733694538134
0,1414733694538551
-2,1414733694538968
4,1414733694539385
2,1414733694539802
4,1414733694540218
-1,1414733694540635
77,1414733694541052
61,1414733694541468
40,1414733694541885
16,1414733694542302
8,1414733694542719
2,1414733694543136
2,1414733694543552
4,1414733694543969
0,1414733694544386
4,1414733694544802
5,1414733694545219
6,1414733694545636
1,1414733694546053
2,1414733694546470
2,1414733694546886
2,1414733694547303
0,1414733694547720
4,1414733694548136
-76,1414733694548553
-68,1414733694548970
-36,1414733694549387
-5,1414733694549804
5,1414733694550220
0,1414733694550637
1,1414733694551054
5,1414733694551470
4,1414733694551887
8,1414733694552304
1,1414733694552721
5,1414733694553138
-1,1414733694553554
3,1414733694553971
0,1414733694554388
0,1414733694554804
4,1414733694555221
0,1414733694555638
84,1414733694556055
69,1414733694556472
33,1414733694556888
12,1414733694557305
3,1414733694557722
-1,1414733694558138
3,1414733694558555
3,1414733694558972
2,1414733694559389
4,1414733694559806
4,1414733694560222
8,1414733694560639
4,1414733694561056
2,1414733694561472
4,1414733694561889
4,1414733694562306
-1,1414733694562723
-15,1414733694563140
-77,1414733694563556
-60,1414733694563973
-31,1414733694564390
-8,1414733694564806
0,1414733694565223
1,1414733694565640
6,1414733694566057
-1,1414733694566474
4,1414733694566890
2,1414733694567307
4,1414733694567724
4,1414733694568140
1,1414733694568557
3,1414733694568974
4,1414733694569391
4,1414733694569808
2,1414733694570224
17,1414733694570641
84,1414733694571058
59,1414733694571474
20,1414733694571891
9,1414733694572308
-1,1414733694572725
-2,1414733694573142
0,1414733694573558
0,1414733694573975
-5,1414733694574392
4,1414733694574808
1,1414733694575225
-7,1414733694575642
5,1414733694576059
4,1414733694576476
4,1414733694576892
4,1414733694577309
0,1414733694577726
-22,1414733694578142
-79,1414733694578559
-55,1414733694578976
-24,1414733694579393
-16,1414733694579810
-1,1414733694580226
4,1414733694580643
0,1414733694581060
-3,1414733694581476
3,1414733694581893
-7,1414733694582310
3,1414733694582727
4,1414733694583144
2,1414733694583560
1,1414733694583977
-1,1414733694584394
0,1414733694584810
8,1414733694585227
28,1414733694708145
84,1414733694708562
56,1414733694708978
16,1414733694709395
12,1414733694709812
-4,1414733694710229
0,1414733694710646
4,1414733694711062
4,1414733694711479
1,1414733694711896
8,1414733694712312
4,1414733694712729
8,1414733694713146
1,1414733694713563
-3,1414733694713980
2,1414733694714396
1,1414733694714813
2,1414733694715230
-28,1414733694715646
-82,1414733694716063
-55,1414733694716480
-23,1414733694716897
-5,1414733694717314
1,1414733694717730
0,1414733694718147
1,1414733694718564
1,1414733694718980
-1,1414733694719397
2,1414733694719814
-3,1414733694720231
-8,1414733694720648
2,1414733694721064
3,1414733694721481
1,1414733694721898
4,1414733694722314
-5,1414733694722731
40,1414733694723148
83,1414733694723565
51,1414733694723982
20,1414733694724398
16,1414733694724815
-3,1414733694725232
0,1414733694725648
-4,1414733694726065
3,1414733694726482
4,1414733694726899
0,1414733694727316
0,1414733694727732
2,1414733694728149
2,1414733694728566
0,1414733694728982
-2,1414733694729399
0,1414733694729816
4,1414733694730233
-45,1414733694730650
-85,1414733694731066
-47,1414733694731483
-26,1414733694731900
-2,1414733694732316
1,1414733694732733
-2,1414733694733150
-1,1414733694733567
1,1414733694733984
3,1414733694734400
4,1414733694734817
1,1414733694735234
3,1414733694735650
-1,1414733694736067
0,1414733694736484
2,1414733694736901
-2,1414733694737318
-3,1414733694737734
48,1414733694738151
80,1414733694738568
52,1414733694738984
16,1414733694739401
8,1414733694739818
2,1414733694740235
2,1414733694740652
2,1414733694741068
1,1414733694741485
0,1414733694741902
-1,1414733694742318
0,1414733694742735
1,1414733694743152
2,1414733694743569
1,1414733694743986
2,1414733694744402
4,1414733694744819
4,1414733694745236
-54,1414733694745652
-84,1414733694746069
-56,1414733694746486
-9,1414733694746903
-8,1414733694747320
-2,1414733694747736
4,1414733694748153
-2,1414733694748570
0,1414733694748986
8,1414733694749403
8,1414733694749820
3,1414733694750237
2,1414733694750654
1,1414733694751070
2,1414733694751487
1,1414733694751904
3,1414733694752320
0,1414733694752737
54,1414733694753154
85,1414733694753571
44,1414733694753988
13,1414733694754404
16,1414733694754821
0,1414733694755238
0,1414733694755654
2,1414733694756071
4,1414733694756488
-2,1414733694756905
8,1414733694757322
8,1414733694757738
-7,1414733694758155
0,1414733694758572
-6,1414733694758988
2,1414733694759405
4,1414733694759822
2,1414733694760239
-61,1414733694760656
-66,1414733694761072
-47,1414733694761489
-14,1414733694761906
-4,1414733694762322
1,1414733694762739
0,1414733694763156
-4,1414733694763573
9,1414733694763990
0,1414733694764406
1,1414733694764823
2,1414733694765240
0,1414733694765656
2,1414733694766073
2,1414733694766490
2,1414733694766907
2,1414733694767324
4,1414733694767740
73,1414733694768157
72,1414733694768574
42,1414733694768990
12,1414733694769407
11,1414733694769824
0,1414733694770241
3,1414733694770658
0,1414733694771074
-3,1414733694771491
8,1414733694771908
7,1414733694772324
2,1414733694772741
2,1414733694773158
3,1414733694773575
3,1414733694773992
3,1414733694774408
-3,1414733694774825
1,1414733694775242
-74,1414733694775658
-65,1414733694776075
-42,1414733694776492
-10,1414733694776909
0,1414733694777326
0,1414733694777742
2,1414733694778159
6,1414733694778576
8,1414733694778992
-1,1414733694779409
-5,1414733694779826
4,1414733694780243
-2,1414733694780660
3,1414733694781076
11,1414733694781493
2,1414733694781910
5,1414733694782326
5,1414733694782743
82,1414733694783160
60,1414733694783577
37,1414733694783994
17,1414733694784410
0,1414733694784827
-6,1414733694785244
1,1414733694785660
6,1414733694786077
4,1414733694786494
8,1414733694786911
5,1414733694787328
2,1414733694787744
4,1414733694788161
4,1414733694788578
-3,1414733694788994
2,1414733694789411
-3,1414733694789828
-6,1414733694790245
-91,1414733694790662
-48,1414733694791078
-25,1414733694886634
-5,1414733694887051
7,1414733694887468
6,1414733694887884
3,1414733694888301
-1,1414733694888718
5,1414733694889134
3,1414733694889551
3,1414733694889968
7,1414733694890385
4,1414733694890802
1,1414733694891218
1,1414733694891635
3,1414733694892052
7,1414733694892468
26,1414733694892885
85,1414733694893302
57,1414733694893719
24,1414733694894136
2,1414733694894552
1,1414733694894969
2,1414733694895386
0,1414733694895802
4,1414733694896219
1,1414733694896636
5,1414733694897053
0,1414733694897470
5,1414733694897886
7,1414733694898303
7,1414733694898720
0,1414733694899136
-4,1414733694899553
-5,1414733694899970
-34,1414733694900387
-80,1414733694900804
-55,1414733694901220
-22,1414733694901637
-6,1414733694902054
3,1414733694902470
-4,1414733694902887
3,1414733694903304
2,1414733694903721
3,1414733694904138
3,1414733694904554
-3,1414733694904971
1,1414733694905388
1,1414733694905804
5,1414733694906221
7,1414733694906638
-1,1414733694907055
1,1414733694907472
48,1414733694907888
76,1414733694908305
51,1414733694908722
15,1414733694909138
15,1414733694909555
1,1414733694909972
0,1414733694910389
-2,1414733694910806
1,1414733694911222
-5,1414733694911639
-3,1414733694912056
-1,1414733694912472
4,1414733694912889
0,1414733694913306
-1,1414733694913723
2,1414733694914140
-1,1414733694914556
1,1414733694914973
-52,1414733694915390
-68,1414733694915806
-53,1414733694916223
-21,1414733694916640
-4,1414733694917057
-3,1414733694917474
-11,1414733694917890
2,1414733694918307
2,1414733694918724
-7,1414733694919140
2,1414733694919557
1,1414733694919974
2,1414733694920391
3,1414733694920808
-1,1414733694921224
2,1414733694921641
0,1414733694922058
-1,1414733694922474
66,1414733694922891
72,1414733694923308
43,1414733694923725
6,1414733694924142
7,1414733694924558
7,1414733694924975
3,1414733694925392
3,1414733694925808
1,1414733694926225
2,1414733694926642
2,1414733694927059
7,1414733694927476
1,1414733694927892
1,1414733694928309
3,1414733694928726
2,1414733694929142
3,1414733694929559
3,1414733694929976
-80,1414733694930393
-62,1414733694930810
-41,1414733694931226
-9,1414733694931643
-7,1414733694932060
-2,1414733694932476
-1,1414733694932893
0,1414733694933310
-6,1414733694933727
1,1414733694934144
3,1414733694934560
1,1414733694934977
2,1414733694935394
4,1414733694935810
2,1414733694936227
3,1414733694936644
-2,1414733694937061
1,1414733694937478
87,1414733694937894
57,1414733694938311
35,1414733694938728
10,1414733694939144
7,1414733694939561
-1,1414733694939978
-7,1414733694940395
-2,1414733694940812
-2,1414733694941228
3,1414733694941645
-1,1414733694942062
0,1414733694942478
1,1414733694942895
-1,1414733694943312
0,1414733694943729
-2,1414733694944146
7,1414733694944562
1,1414733694944979
-82,1414733694945396
-53,1414733694945812
-43,1414733694946229
-14,1414733694946646
7,1414733694947063
3,1414733694947480
1,1414733694947896
-1,1414733694948313
-1,1414733694948730
-3,1414733694949146
2,1414733694949563
-2,1414733694949980
-3,1414733694950397
-3,1414733694950814
1,1414733694951230
-3,1414733694951647
-1,1414733694952064
3,1414733694952480
79,1414733694952897
60,1414733694953314
34,1414733694953731
11,1414733694954148
0,1414733694954564
1,1414733694954981
7,1414733694955398
0,1414733694955814
7,1414733694956231
1,1414733694956648
4,1414733694957065
-2,1414733694957482
0,1414733694957898
-2,1414733694958315
0,1414733694958732
0,1414733694959148
3,1414733694959565
1,1414733694959982
-81,1414733694960399
-57,1414733694960816
-39,1414733694961232
-11,1414733694961649
-5,1414733694962066
0,1414733694962482
3,1414733694962899
3,1414733694963316
-1,1414733694963733
-2,1414733694964150
3,1414733694964566
1,1414733694964983
1,1414733694965400
-2,1414733694965816
-4,1414733694966233
-1,1414733694966650
-1,1414733694967067
3,1414733694967484
86,1414733694967900
52,1414733694968317
35,1414733694968734
10,1414733694969150
5,1414733694969567
5,1414733695088376
8,1414733695088793
0,1414733695089210
2,1414733695089626
8,1414733695090043
-3,1414733695090460
2,1414733695090876
3,1414733695091293
4,1414733695091710
6,1414733695092127
2,1414733695092544
6,1414733695092960
1,1414733695093377
-78,1414733695093794
-45,1414733695094210
-37,1414733695094627
-7,1414733695095044
-2,1414733695095461
1,1414733695095878
5,1414733695096294
2,1414733695096711
4,1414733695097128
5,1414733695097544
0,1414733695097961
0,1414733695098378
5,1414733695098795
2,1414733695099212
2,1414733695099628
-2,1414733695100045
2,1414733695100462
10,1414733695100878
89,1414733695101295
52,1414733695101712
28,1414733695102129
10,1414733695102546
4,1414733695102962
0,1414733695103379
4,1414733695103796
3,1414733695104212
0,1414733695104629
3,1414733695105046
4,1414733695105463
0,1414733695105880
2,1414733695106296
0,1414733695106713
2,1414733695107130
2,1414733695107546
-3,1414733695107963
-20,1414733695108380
-80,1414733695108797
-52,1414733695109214
-23,1414733695109630
-6,1414733695110047
4,1414733695110464
10,1414733695110880
4,1414733695111297
0,1414733695111714
-3,1414733695112131
5,1414733695112548
2,1414733695112964
2,1414733695113381
4,1414733695113798
6,1414733695114214
2,1414733695114631
2,1414733695115048
4,1414733695115465
30,1414733695115882
84,1414733695116298
52,1414733695116715
23,1414733695117132
12,1414733695117548
0,1414733695117965
2,1414733695118382
0,1414733695118799
0,1414733695119216
5,1414733695119632
4,1414733695120049
2,1414733695120466
3,1414733695120882
-2,1414733695121299
6,1414733695121716
2,1414733695122133
5,1414733695122550
6,1414733695122966
-37,1414733695123383
-79,1414733695123800
-48,1414733695124216
-21,1414733695124633
-8,1414733695125050
8,1414733695125467
4,1414733695125884
1,1414733695126300
1,1414733695126717
-3,1414733695127134
8,1414733695127550
6,1414733695127967
1,1414733695128384
1,1414733695128801
5,1414733695129218
0,1414733695129634
-5,1414733695130051
0,1414733695130468
53,1414733695130884
81,1414733695131301
44,1414733695131718
16,1414733695132135
16,1414733695132552
2,1414733695132968
2,1414733695133385
4,1414733695133802
2,1414733695134218
4,1414733695134635
0,1414733695135052
2,1414733695135469
4,1414733695135886
4,1414733695136302
4,1414733695136719
4,1414733695137136
1,1414733695137552
-5,1414733695137969
-62,1414733695138386
-68,1414733695138803
-45,1414733695139220
-10,1414733695139636
-4,1414733695140053
0,1414733695140470
-2,1414733695140886
2,1414733695141303
4,1414733695141720
4,1414733695142137
0,1414733695142554
1,1414733695142970
-1,1414733695143387
0,1414733695143804
-2,1414733695144220
6,1414733695144637
0,1414733695145054
1,1414733695145471
60,1414733695145888
86,1414733695146304
44,1414733695146721
16,1414733695147138
9,1414733695147554
4,1414733695147971
1,1414733695148388
1,1414733695148805
1,1414733695149222
1,1414733695149638
0,1414733695150055
-1,1414733695150472
0,1414733695150888
-3,1414733695151305
3,1414733695151722
6,1414733695152139
0,1414733695152556
6,1414733695152972
-56,1414733695153389
-69,1414733695153806
-45,1414733695154222
-10,1414733695154639
-7,1414733695155056
-3,1414733695155473
0,1414733695155890
4,1414733695156306
3,1414733695156723
-3,1414733695157140
1,1414733695157556
0,1414733695157973
-2,1414733695158390
4,1414733695158807
-3,1414733695159224
-3,1414733695159640
3,1414733695160057
4,1414733695160474
65,1414733695160890
76,1414733695161307
45,1414733695161724
16,1414733695162141
10,1414733695162558
0,1414733695162974
3,1414733695163391
-4,1414733695163808
-2,1414733695164224
5,1414733695164641
2,1414733695165058
8,1414733695165475
3,1414733695165892
-2,1414733695166308
0,1414733695166725
-4,1414733695167142
3,1414733695167558
8,1414733695167975
-73,1414733695168392
-71,1414733695168809
-44,1414733695169226
-20,1414733695169642
-6,1414733695170059
3,1414733695170476
5,1414733695170892
4,1414733695171309
-5,1414733695290394
-5,1414733695290811
-1,1414733695291228
7,1414733695291644
3,1414733695292061
7,1414733695292478
3,1414733695292894
6,1414733695293311
3,1414733695293728
3,1414733695294145
59,1414733695294562
81,1414733695294978
43,1414733695295395
15,1414733695295812
4,1414733695296228
-3,1414733695296645
1,1414733695297062
-1,1414733695297479
5,1414733695297896
4,1414733695298312
-1,1414733695298729
3,1414733695299146
3,1414733695299562
1,1414733695299979
5,1414733695300396
1,1414733695300813
3,1414733695301230
3,1414733695301646
-63,1414733695302063
-69,1414733695302480
-46,1414733695302896
-13,1414733695303313
-1,1414733695303730
-2,1414733695304147
2,1414733695304564
-5,1414733695304980
0,1414733695305397
2,1414733695305814
-1,1414733695306230
8,1414733695306647
-3,1414733695307064
-3,1414733695307481
0,1414733695307898
-1,1414733695308314
3,1414733695308731
0,1414733695309148
63,1414733695309564
76,1414733695309981
42,1414733695310398
19,1414733695310815
15,1414733695311232
0,1414733695311648
-7,1414733695312065
1,1414733695312482
2,1414733695312898
3,1414733695313315
4,1414733695313732
7,1414733695314149
3,1414733695314566
5,1414733695314982
-1,1414733695315399
4,1414733695315816
-3,1414733695316232
1,1414733695316649
-71,1414733695317066
-62,1414733695317483
-49,1414733695317900
-13,1414733695318316
-3,1414733695318733
5,1414733695319150
-3,1414733695319566
3,1414733695319983
-8,1414733695320400
1,1414733695320817
3,1414733695321234
0,1414733695321650
2,1414733695322067
2,1414733695322484
2,1414733695322900
-1,1414733695323317
3,1414733695323734
0,1414733695324151
75,1414733695324568
67,1414733695324984
33,1414733695325401
7,1414733695325818
8,1414733695326234
3,1414733695326651
6,1414733695327068
0,1414733695327485
3,1414733695327902
1,1414733695328318
-3,1414733695328735
4,1414733695329152
7,1414733695329568
5,1414733695329985
3,1414733695330402
3,1414733695330819
0,1414733695331236
-6,1414733695331652
-76,1414733695332069
-61,1414733695332486
-43,1414733695332902
-7,1414733695333319
-2,1414733695333736
-1,1414733695334153
-1,1414733695334570
0,1414733695334986
1,1414733695335403
2,1414733695335820
-4,1414733695336236
-6,1414733695336653
-1,1414733695337070
1,1414733695337487
1,1414733695337904
3,1414733695338320
-1,1414733695338737
1,1414733695339154
79,1414733695339570
62,1414733695339987
39,1414733695340404
7,1414733695340821
3,1414733695341238
-4,1414733695341654
2,1414733695342071
-2,1414733695342488
-1,1414733695342904
-1,1414733695343321
1,1414733695343738
-6,1414733695344155
1,1414733695344572
3,1414733695344988
0,1414733695345405
4,1414733695345822
-6,1414733695346238
-2,1414733695346655
-86,1414733695347072
-54,1414733695347489
-37,1414733695347906
-9,1414733695348322
-3,1414733695348739
4,1414733695349156
7,1414733695349572
-1,1414733695349989
5,1414733695350406
-1,1414733695350823
-2,1414733695351240
2,1414733695351656
0,1414733695352073
-1,1414733695352490
0,1414733695352906
3,1414733695353323
1,1414733695353740
5,1414733695354157
85,1414733695354574
49,1414733695354990
28,1414733695355407
15,1414733695355824
0,1414733695356240
-3,1414733695356657
2,1414733695357074
1,1414733695357491
1,1414733695357908
2,1414733695358324
-2,1414733695358741
4,1414733695359158
0,1414733695359574
-1,1414733695359991
0,1414733695360408
1,1414733695360825
3,1414733695361242
-9,1414733695361658
-86,1414733695362075
-48,1414733695362492
-31,1414733695362908
-4,1414733695363325
5,1414733695363742
4,1414733695364159
2,1414733695364576
-3,1414733695364992
-4,1414733695365409
7,1414733695365826
3,1414733695366242
-1,1414733695366659
-1,1414733695367076
-4,1414733695367493
4,1414733695367910
0,1414733695368326
1,1414733695368743
7,1414733695369160
84,1414733695369576
57,1414733695369993
31,1414733695370410
10,1414733695370827
2,1414733695371244
-1,1414733695371660
3,1414733695372077
3,1414733695372494
0,1414733695372910
3,1414733695373327
0,1414733695519619
8,1414733695520036
1,1414733695520452
5,1414733695520869
-5,1414733695521286
0,1414733695521703
0,1414733695522120
-20,1414733695522536
-76,1414733695522953
-56,1414733695523370
-26,1414733695523786
-8,1414733695524203
5,1414733695524620
-4,1414733695525037
0,1414733695525454
-4,1414733695525870
2,1414733695526287
4,1414733695526704
0,1414733695527120
2,1414733695527537
0,1414733695527954
0,1414733695528371
-1,1414733695528788
5,1414733695529204
6,1414733695529621
20,1414733695530038
81,1414733695530454
53,1414733695530871
21,1414733695531288
11,1414733695531705
4,1414733695532122
4,1414733695532538
0,1414733695532955
0,1414733695533372
1,1414733695533788
6,1414733695534205
3,1414733695534622
4,1414733695535039
4,1414733695535456
1,1414733695535872
1,1414733695536289
-2,1414733695536706
-3,1414733695537122
-24,1414733695537539
-85,1414733695537956
-48,1414733695538373
-24,1414733695538790
-8,1414733695539206
8,1414733695539623
0,1414733695540040
0,1414733695540456
0,1414733695540873
-1,1414733695541290
1,1414733695541707
4,1414733695542124
1,1414733695542540
4,1414733695542957
-4,1414733695543374
2,1414733695543790
-2,1414733695544207
4,1414733695544624
31,1414733695545041
85,1414733695545458
48,1414733695545874
19,1414733695546291
12,1414733695546708
3,1414733695547124
0,1414733695547541
4,1414733695547958
0,1414733695548375
4,1414733695548792
-3,1414733695549208
8,1414733695549625
4,1414733695550042
0,1414733695550458
-1,1414733695550875
4,1414733695551292
-3,1414733695551709
-7,1414733695552126
-39,1414733695552542
-84,1414733695552959
-56,1414733695553376
-22,1414733695553792
-6,1414733695554209
4,1414733695554626
-8,1414733695555043
-2,1414733695555460
5,1414733695555876
8,1414733695556293
1,1414733695556710
-1,1414733695557126
-2,1414733695557543
1,1414733695557960
4,1414733695558377
1,1414733695558794
4,1414733695559210
-2,1414733695559627
40,1414733695560044
88,1414733695560460
53,1414733695560877
20,1414733695561294
16,1414733695561711
2,1414733695562128
2,1414733695562544
2,1414733695562961
-3,1414733695563378
1,1414733695563794
-3,1414733695564211
4,1414733695564628
4,1414733695565045
0,1414733695565462
4,1414733695565878
2,1414733695566295
-5,1414733695566712
0,1414733695567128
-44,1414733695567545
-76,1414733695567962
-48,1414733695568379
-16,1414733695568796
-6,1414733695569212
1,1414733695569629
0,1414733695570046
2,1414733695570462
8,1414733695570879
4,1414733695571296
8,1414733695571713
-1,1414733695572130
-1,1414733695572546
-3,1414733695572963
0,1414733695573380
1,1414733695573796
4,1414733695574213
-3,1414733695574630
48,1414733695575047
80,1414733695575464
48,1414733695575880
16,1414733695576297
8,1414733695576714
3,1414733695577130
8,1414733695577547
2,1414733695577964
8,1414733695578381
6,1414733695578798
1,1414733695579214
1,1414733695579631
3,1414733695580048
3,1414733695580464
2,1414733695580881
2,1414733695581298
6,1414733695581715
6,1414733695582132
-54,1414733695582548
-76,1414733695582965
-46,1414733695583382
-16,1414733695583798
3,1414733695584215
2,1414733695584632
0,1414733695585049
-1,1414733695585466
4,1414733695585882
8,1414733695586299
6,1414733695586716
-2,1414733695587132
3,1414733695587549
3,1414733695587966
3,1414733695588383
2,1414733695588800
2,1414733695589216
-2,1414733695589633
64,1414733695590050
73,1414733695590466
44,1414733695590883
16,1414733695591300
9,1414733695591717
2,1414733695592134
4,1414733695592550
-1,1414733695592967
2,1414733695593384
4,1414733695593800
9,1414733695594217
4,1414733695594634
4,1414733695595051
4,1414733695595468
6,1414733695595884
4,1414733695596301
-2,1414733695596718
0,1414733695597134
-70,1414733695597551
-72,1414733695597968
-44,1414733695598385
-6,1414733695598802
-6,1414733695599218
-3,1414733695599635
6,1414733695600052
3,1414733695600468
3,1414733695600885
0,1414733695601302
-1,1414733695601719
-2,1414733695602136
0,1414733695602552
4,1414733695730407
-1,1414733695730824
-1,1414733695731240
4,1414733695731657
3,1414733695732074
79,1414733695732491
55,1414733695732908
36,1414733695733324
15,1414733695733741
7,1414733695734158
-1,1414733695734574
-1,1414733695734991
-1,1414733695735408
3,1414733695735825
2,1414733695736242
3,1414733695736658
-3,1414733695737075
-1,1414733695737492
-1,1414733695737908
1,1414733695738325
-6,1414733695738742
-1,1414733695739159
-1,1414733695739576
-85,1414733695739992
-57,1414733695740409
-37,1414733695740826
-13,1414733695741242
-3,1414733695741659
-4,1414733695742076
7,1414733695742493
-3,1414733695742910
-1,1414733695743326
-3,1414733695743743
-2,1414733695744160
-1,1414733695744576
3,1414733695744993
1,1414733695745410
1,1414733695745827
-1,1414733695746244
1,1414733695746660
3,1414733695747077
89,1414733695747494
55,1414733695747910
31,1414733695748327
7,1414733695748744
2,1414733695749161
3,1414733695749578
4,1414733695749994
2,1414733695750411
-1,1414733695750828
1,1414733695751244
1,1414733695751661
1,1414733695752078
-1,1414733695752495
2,1414733695752912
1,1414733695753328
-3,1414733695753745
-4,1414733695754162
-8,1414733695754578
-77,1414733695754995
-60,1414733695755412
-31,1414733695755829
-5,1414733695756246
0,1414733695756662
1,1414733695757079
4,1414733695757496
1,1414733695757912
2,1414733695758329
-4,1414733695758746
7,1414733695759163
-8,1414733695759580
-1,1414733695759996
1,1414733695760413
3,1414733695760830
0,1414733695761246
0,1414733695761663
15,1414733695762080
79,1414733695762497
65,1414733695762914
21,1414733695763330
4,1414733695763747
0,1414733695764164
0,1414733695764580
-5,1414733695764997
1,1414733695765414
-2,1414733695765831
2,1414733695766248
3,1414733695766664
2,1414733695767081
5,1414733695767498
0,1414733695767914
-2,1414733695768331
2,1414733695768748
1,1414733695769165
-21,1414733695769582
-88,1414733695769998
-55,1414733695770415
-27,1414733695770832
-9,1414733695771248
-1,1414733695771665
-1,1414733695772082
1,1414733695772499
0,1414733695772916
4,1414733695773332
-1,1414733695773749
0,1414733695774166
0,1414733695774582
-1,1414733695774999
5,1414733695775416
0,1414733695775833
1,1414733695776250
-5,1414733695776666
27,1414733695777083
71,1414733695777500
63,1414733695777916
27,1414733695778333
11,1414733695778750
3,1414733695779167
-1,1414733695779584
-1,1414733695780000
-7,1414733695780417
1,1414733695780834
4,1414733695781250
7,1414733695781667
0,1414733695782084
4,1414733695782501
-1,1414733695782918
1,1414733695783334
-4,1414733695783751
-1,1414733695784168
-39,1414733695784584
-67,1414733695785001
-63,1414733695785418
-25,1414733695785835
-4,1414733695786252
2,1414733695786668
1,1414733695787085
1,1414733695787502
-1,1414733695787918
7,1414733695788335
7,1414733695788752
3,1414733695789169
2,1414733695789586
5,1414733695790002
3,1414733695790419
2,1414733695790836
3,1414733695791252
-1,1414733695791669
34,1414733695792086
67,1414733695792503
62,1414733695792920
18,1414733695793336
2,1414733695793753
-1,1414733695794170
3,1414733695794586
3,1414733695795003
-3,1414733695795420
3,1414733695795837
3,1414733695796254
2,1414733695796670
-1,1414733695797087
0,1414733695797504
0,1414733695797920
-1,1414733695798337
1,1414733695798754
-1,1414733695799171
-43,1414733695799588
-66,1414733695800004
-64,1414733695800421
-17,1414733695800838
-5,1414733695801254
0,1414733695801671
-1,1414733695802088
7,1414733695802505
-2,1414733695802922
1,1414733695803338
3,1414733695803755
4,1414733695804172
0,1414733695804588
2,1414733695805005
1,1414733695805422
-5,1414733695805839
3,1414733695806256
-1,1414733695806672
43,1414733695807089
68,1414733695807506
55,1414733695807922
16,1414733695808339
10,1414733695808756
1,1414733695809173
-1,1414733695809590
4,1414733695810006
4,1414733695810423
5,1414733695810840
8,1414733695811256
7,1414733695811673
2,1414733695812090
3,1414733695812507
-1,1414733695812924
0,1414733695813340
1,1414733695934020
1,1414733695934437
-46,1414733695934854
-64,1414733695935270
-56,1414733695935687
-12,1414733695936104
-7,1414733695936520
2,1414733695936937
1,1414733695937354
1,1414733695937771
4,1414733695938188
1,1414733695938604
4,1414733695939021
0,1414733695939438
8,1414733695939854
0,1414733695940271
1,1414733695940688
0,1414733695941105
2,1414733695941522
0,1414733695941938
61,1414733695942355
64,1414733695942772
52,1414733695943188
16,1414733695943605
12,1414733695944022
6,1414733695944439
4,1414733695944856
2,1414733695945272
4,1414733695945689
8,1414733695946106
4,1414733695946522
2,1414733695946939
6,1414733695947356
3,1414733695947773
6,1414733695948190
6,1414733695948606
3,1414733695949023
-3,1414733695949440
-71,1414733695949856
-61,1414733695950273
-46,1414733695950690
-11,1414733695951107
-2,1414733695951524
4,1414733695951940
0,1414733695952357
0,1414733695952774
4,1414733695953190
2,1414733695953607
2,1414733695954024
4,1414733695954441
1,1414733695954858
3,1414733695955274
-4,1414733695955691
0,1414733695956108
2,1414733695956524
-5,1414733695956941
78,1414733695957358
73,1414733695957775
44,1414733695958192
12,1414733695958608
6,1414733695959025
2,1414733695959442
2,1414733695959858
-3,1414733695960275
3,1414733695960692
-4,1414733695961109
5,1414733695961526
3,1414733695961942
4,1414733695962359
8,1414733695962776
4,1414733695963192
-5,1414733695963609
-3,1414733695964026
-5,1414733695964443
-82,1414733695964860
-61,1414733695965276
-35,1414733695965693
-8,1414733695966110
2,1414733695966526
0,1414733695966943
-2,1414733695967360
4,1414733695967777
1,1414733695968194
-2,1414733695968610
5,1414733695969027
0,1414733695969444
2,1414733695969860
4,1414733695970277
2,1414733695970694
4,1414733695971111
4,1414733695971528
10,1414733695971944
81,1414733695972361
65,1414733695972778
32,1414733695973194
12,1414733695973611
8,1414733695974028
-2,1414733695974445
5,1414733695974862
3,1414733695975278
6,1414733695975695
4,1414733695976112
3,1414733695976528
0,1414733695976945
0,1414733695977362
1,1414733695977779
4,1414733695978196
2,1414733695978612
1,1414733695979029
-20,1414733695979446
-71,1414733695979862
-63,1414733695980279
-23,1414733695980696
-4,1414733695981113
-3,1414733695981530
0,1414733695981946
-2,1414733695982363
-2,1414733695982780
8,1414733695983196
-2,1414733695983613
0,1414733695984030
3,1414733695984447
-3,1414733695984864
-1,1414733695985280
2,1414733695985697
-5,1414733695986114
2,1414733695986530
40,1414733695986947
67,1414733695987364
61,1414733695987781
19,1414733695988198
16,1414733695988614
0,1414733695989031
4,1414733695989448
4,1414733695989864
4,1414733695990281
0,1414733695990698
12,1414733695991115
2,1414733695991532
4,1414733695991948
2,1414733695992365
-7,1414733695992782
1,1414733695993198
0,1414733695993615
-4,1414733695994032
-52,1414733695994449
-79,1414733695994866
-52,1414733695995282
-14,1414733695995699
-7,1414733695996116
-2,1414733695996532
1,1414733695996949
1,1414733695997366
2,1414733695997783
-4,1414733695998200
9,1414733695998616
-4,1414733695999033
4,1414733695999450
2,1414733695999866
1,1414733696000283
1,1414733696000700
2,1414733696001117
4,1414733696001534
43,1414733696001950
84,1414733696002367
49,1414733696002784
9,1414733696003200
10,1414733696003617
1,1414733696004034
4,1414733696004451
-3,1414733696004868
3,1414733696005284
6,1414733696005701
4,1414733696006118
6,1414733696006534
3,1414733696006951
4,1414733696007368
2,1414733696007785
-1,1414733696008202
1,1414733696008618
1,1414733696009035
-50,1414733696009452
-67,1414733696009868
-51,1414733696010285
-16,1414733696010702
-8,1414733696011119
-2,1414733696011536
-3,1414733696011952
-3,1414733696012369
4,1414733696012786
5,1414733696013202
4,1414733696013619
0,1414733696014036
-5,1414733696014453
1,1414733696014870
2,1414733696015286
8,1414733696015703
-1,1414733696016120
2,1414733696016536
56,1414733696016953
80,1414733696140967
44,1414733696141384
16,1414733696141800
16,1414733696142217
1,1414733696142634
0,1414733696143051
8,1414733696143468
6,1414733696143884
0,1414733696144301
8,1414733696144718
5,1414733696145134
1,1414733696145551
1,1414733696145968
1,1414733696146385
2,1414733696146802
1,1414733696147218
1,1414733696147635
-62,1414733696148052
-66,1414733696148468
-48,1414733696148885
-14,1414733696149302
-4,1414733696149719
4,1414733696150136
0,1414733696150552
0,1414733696150969
8,1414733696151386
3,1414733696151802
4,1414733696152219
2,1414733696152636
4,1414733696153053
2,1414733696153470
-3,1414733696153886
1,1414733696154303
2,1414733696154720
4,1414733696155136
62,1414733696155553
80,1414733696155970
40,1414733696156387
16,1414733696156804
8,1414733696157220
3,1414733696157637
2,1414733696158054
2,1414733696158470
4,1414733696158887
-1,1414733696159304
1,1414733696159721
0,1414733696160138
5,1414733696160554
3,1414733696160971
5,1414733696161388
5,1414733696161804
5,1414733696162221
0,1414733696162638
-64,1414733696163055
-66,1414733696163472
-46,1414733696163888
-14,1414733696164305
6,1414733696164722
2,1414733696165138
0,1414733696165555
-3,1414733696165972
0,1414733696166389
-4,1414733696166806
-2,1414733696167222
-2,1414733696167639
3,1414733696168056
-1,1414733696168472
2,1414733696168889
2,1414733696169306
4,1414733696169723
2,1414733696170140
73,1414733696170556
62,1414733696170973
41,1414733696171390
16,1414733696171806
7,1414733696172223
0,1414733696172640
0,1414733696173057
1,1414733696173474
3,1414733696173890
1,1414733696174307
3,1414733696174724
4,1414733696175140
8,1414733696175557
0,1414733696175974
2,1414733696176391
6,1414733696176808
0,1414733696177224
0,1414733696177641
-72,1414733696178058
-61,1414733696178474
-42,1414733696178891
-13,1414733696179308
0,1414733696179725
4,1414733696180142
1,1414733696180558
2,1414733696180975
-3,1414733696181392
2,1414733696181808
-4,1414733696182225
0,1414733696182642
2,1414733696183059
4,1414733696183476
2,1414733696183892
0,1414733696184309
4,1414733696184726
1,1414733696185142
78,1414733696185559
62,1414733696185976
33,1414733696186393
11,1414733696186810
2,1414733696187226
2,1414733696187643
-6,1414733696188060
2,1414733696188476
1,1414733696188893
8,1414733696189310
4,1414733696189727
3,1414733696190144
10,1414733696190560
2,1414733696190977
5,1414733696191394
2,1414733696191810
-4,1414733696192227
-9,1414733696192644
-76,1414733696193061
-58,1414733696193478
-33,1414733696193894
-2,1414733696194311
3,1414733696194728
6,1414733696195144
2,1414733696195561
6,1414733696195978
1,1414733696196395
2,1414733696196812
0,1414733696197228
5,1414733696197645
2,1414733696198062
1,1414733696198478
-3,1414733696198895
2,1414733696199312
3,1414733696199729
8,1414733696200146
84,1414733696200562
54,1414733696200979
25,1414733696201396
12,1414733696201812
2,1414733696202229
2,1414733696202646
1,1414733696203063
4,1414733696203480
5,1414733696203896
5,1414733696204313
4,1414733696204730
2,1414733696205146
3,1414733696205563
0,1414733696205980
-4,1414733696206397
2,1414733696206814
0,1414733696207230
-23,1414733696207647
-86,1414733696208064
-52,1414733696208480
-26,1414733696208897
-8,1414733696209314
4,1414733696209731
2,1414733696210148
-1,1414733696210564
2,1414733696210981
2,1414733696211398
2,1414733696211814
-6,1414733696212231
-2,1414733696212648
0,1414733696213065
2,1414733696213482
2,1414733696213898
3,1414733696214315
0,1414733696214732
31,1414733696215148
86,1414733696215565
50,1414733696215982
18,1414733696216399
16,1414733696216816
-5,1414733696217232
6,1414733696217649
2,1414733696218066
5,1414733696218482
3,1414733696218899
6,1414733696219316
6,1414733696219733
5,1414733696220150
0,1414733696220566
4,1414733696220983
4,1414733696221400
-1,1414733696221816
0,1414733696222233
-28,1414733696222650
-84,1414733696223067
-52,1414733696223484
-22,1414733696223900
0,1414733696536635
-5,1414733696537052
0,1414733696537468
4,1414733696537885
-3,1414733696538302
75,1414733696538719
59,1414733696539136
31,1414733696539552
15,1414733696539969
3,1414733696540386
-1,1414733696540802
3,1414733696541219
-1,1414733696541636
-1,1414733696542053
0,1414733696542470
2,1414733696542886
3,1414733696543303
2,1414733696543720
0,1414733696544136
2,1414733696544553
-5,1414733696544970
2,1414733696545387
-8,1414733696545804
-85,1414733696546220
-45,1414733696546637
-27,1414733696547054
-9,1414733696547470
9,1414733696547887
3,1414733696548304
-1,1414733696548721
6,1414733696549138
-1,1414733696549554
-1,1414733696549971
0,1414733696550388
0,1414733696550804
3,1414733696551221
3,1414733696551638
1,1414733696552055
4,1414733696552472
1,1414733696552888
17,1414733696553305
82,1414733696553722
51,1414733696554138
27,1414733696554555
9,1414733696554972
7,1414733696555389
-1,1414733696555806
1,1414733696556222
3,1414733696556639
-1,1414733696557056
0,1414733696557472
-1,1414733696557889
2,1414733696558306
1,1414733696558723
5,1414733696559140
-1,1414733696559556
1,1414733696559973
3,1414733696560390
-21,1414733696560806
-83,1414733696561223
-49,1414733696561640
-28,1414733696562057
-11,1414733696562474
-1,1414733696562890
-1,1414733696563307
-5,1414733696563724
3,1414733696564140
4,1414733696564557
-1,1414733696564974
3,1414733696565391
2,1414733696565808
0,1414733696566224
-3,1414733696566641
3,1414733696567058
8,1414733696567474
0,1414733696567891
31,1414733696568308
90,1414733696568725
47,1414733696569142
17,1414733696569558
8,1414733696569975
3,1414733696570392
1,1414733696570808
5,1414733696571225
-1,1414733696571642
-1,1414733696572059
2,1414733696572476
1,1414733696572892
3,1414733696573309
0,1414733696573726
2,1414733696574142
7,1414733696574559
7,1414733696574976
0,1414733696575393
-41,1414733696575810
-83,1414733696576226
-49,1414733696576643
-22,1414733696577060
-5,1414733696577476
-3,1414733696577893
-3,1414733696578310
0,1414733696578727
3,1414733696579144
-1,1414733696579560
-1,1414733696579977
0,1414733696580394
-1,1414733696580810
-1,1414733696581227
1,1414733696581644
-2,1414733696582061
1,1414733696582478
3,1414733696582894
42,1414733696583311
88,1414733696583728
51,1414733696584144
16,1414733696584561
10,1414733696584978
-1,1414733696585395
1,1414733696585812
1,1414733696586228
1,1414733696586645
3,1414733696587062
-1,1414733696587478
1,1414733696587895
1,1414733696588312
-1,1414733696588729
-4,1414733696589146
-1,1414733696589562
8,1414733696589979
1,1414733696590396
-49,1414733696590812
-79,1414733696591229
-45,1414733696591646
-20,1414733696592063
-1,1414733696592480
7,1414733696592896
-4,1414733696593313
-1,1414733696593730
1,1414733696594146
-1,1414733696594563
-1,1414733696594980
-3,1414733696595397
-2,1414733696595814
-4,1414733696596230
-4,1414733696596647
-1,1414733696597064
-3,1414733696597480
0,1414733696597897
57,1414733696598314
71,1414733696598731
53,1414733696599148
16,1414733696599564
8,1414733696599981
2,1414733696600398
4,1414733696600814
3,1414733696601231
-1,1414733696601648
0,1414733696602065
1,1414733696602482
3,1414733696602898
1,1414733696603315
-2,1414733696603732
2,1414733696604148
4,1414733696604565
0,1414733696604982
2,1414733696605399
-57,1414733696605816
-75,1414733696606232
-48,1414733696606649
-13,1414733696607066
-5,1414733696607482
0,1414733696607899
1,1414733696608316
0,1414733696608733
4,1414733696609150
-3,1414733696609566
-3,1414733696609983
0,1414733696610400
-1,1414733696610816
-1,1414733696611233
-2,1414733696611650
5,1414733696612067
3,1414733696612484
3,1414733696612900
62,1414733696613317
67,1414733696613734
51,1414733696614150
17,1414733696614567
10,1414733696614984
0,1414733696615401
3,1414733696615818
-1,1414733696616234
-1,1414733696616651
1,1414733696617068
-3,1414733696617484
4,1414733696617901
1,1414733696618318
-1,1414733696618735
1,1414733696619152
0,1414733696619568
5,1414733696724431
2,1414733696724848
-68,1414733696725264
-59,1414733696725681
-48,1414733696726098
-12,1414733696726515
-3,1414733696726932
-3,1414733696727348
4,1414733696727765
8,1414733696728182
4,1414733696728598
2,1414733696729015
2,1414733696729432
3,1414733696729849
8,1414733696730266
8,1414733696730682
0,1414733696731099
2,1414733696731516
0,1414733696731932
8,1414733696732349
76,1414733696732766
64,1414733696733183
42,1414733696733600
16,1414733696734016
5,1414733696734433
4,1414733696734850
4,1414733696735266
6,1414733696735683
6,1414733696736100
5,1414733696736517
0,1414733696736934
4,1414733696737350
-4,1414733696737767
3,1414733696738184
4,1414733696738600
1,1414733696739017
5,1414733696739434
3,1414733696739851
-72,1414733696740268
-58,1414733696740684
-43,1414733696741101
-7,1414733696741518
-7,1414733696741934
2,1414733696742351
0,1414733696742768
1,1414733696743185
4,1414733696743602
6,1414733696744018
5,1414733696744435
5,1414733696744852
2,1414733696745268
0,1414733696745685
0,1414733696746102
1,1414733696746519
0,1414733696746936
4,1414733696747352
74,1414733696747769
64,1414733696748186
36,1414733696748602
10,1414733696749019
4,1414733696749436
2,1414733696749853
4,1414733696750270
0,1414733696750686
2,1414733696751103
5,1414733696751520
4,1414733696751936
4,1414733696752353
5,1414733696752770
-2,1414733696753187
4,1414733696753604
4,1414733696754020
1,1414733696754437
-3,1414733696754854
-77,1414733696755270
-68,1414733696755687
-40,1414733696756104
-12,1414733696756521
0,1414733696756938
0,1414733696757354
0,1414733696757771
0,1414733696758188
2,1414733696758604
8,1414733696759021
0,1414733696759438
4,1414733696759855
4,1414733696760272
4,1414733696760688
4,1414733696761105
4,1414733696761522
0,1414733696761938
5,1414733696762355
72,1414733696762772
68,1414733696763189
28,1414733696763606
12,1414733696764022
3,1414733696764439
2,1414733696764856
-1,1414733696765272
1,1414733696765689
4,1414733696766106
-2,1414733696766523
1,1414733696766940
0,1414733696767356
3,1414733696767773
0,1414733696768190
1,1414733696768606
1,1414733696769023
0,1414733696769440
-12,1414733696769857
-72,1414733696770274
-61,1414733696770690
-31,1414733696771107
-7,1414733696771524
5,1414733696771940
2,1414733696772357
0,1414733696772774
-3,1414733696773191
0,1414733696773608
1,1414733696774024
4,1414733696774441
1,1414733696774858
1,1414733696775274
-5,1414733696775691
-2,1414733696776108
1,1414733696776525
-3,1414733696776942
18,1414733696777358
70,1414733696777775
68,1414733696778192
26,1414733696778608
10,1414733696779025
1,1414733696779442
0,1414733696779859
3,1414733696780276
3,1414733696780692
2,1414733696781109
5,1414733696781526
2,1414733696781942
2,1414733696782359
6,1414733696782776
1,1414733696783193
1,1414733696783610
-4,1414733696784026
0,1414733696784443
-28,1414733696784860
-60,1414733696785276
-65,1414733696785693
-23,1414733696786110
-4,1414733696786527
-1,1414733696786944
0,1414733696787360
0,1414733696787777
-1,1414733696788194
1,1414733696788610
8,1414733696789027
3,1414733696789444
8,1414733696789861
1,1414733696790278
3,1414733696790694
2,1414733696791111
-2,1414733696791528
4,1414733696791944
29,1414733696792361
72,1414733696792778
66,1414733696793195
16,1414733696793612
12,1414733696794028
1,1414733696794445
2,1414733696794862
4,1414733696795278
1,1414733696795695
4,1414733696796112
4,1414733696796529
3,1414733696796946
-3,1414733696797362
5,1414733696797779
4,1414733696798196
8,1414733696798612
5,1414733696799029
-2,1414733696799446
-42,1414733696799863
-70,1414733696800280
-61,1414733696800696
-20,1414733696801113
-5,1414733696801530
0,1414733696801946
2,1414733696802363
4,1414733696802780
2,1414733696803197
4,1414733696803614
0,1414733696804030
1,1414733696804447
0,1414733696804864
1,1414733696805280
8,1414733696805697
2,1414733696806114
4,1414733696806531
2,1414733696806948
51,1414733696807364
65,1414733697676731
56,1414733697677148
16,1414733697677564
8,1414733697677981
4,1414733697678398
5,1414733697678815
0,1414733697679232
0,1414733697679648
2,1414733697680065
4,1414733697680482
4,1414733697680898
4,1414733697681315
4,1414733697681732
1,1414733697682149
8,1414733697682566
-5,1414733697682982
0,1414733697683399
-58,1414733697683816
-58,1414733697684232
-54,1414733697684649
-16,1414733697685066
-8,1414733697685483
2,1414733697685900
-2,1414733697686316
0,1414733697686733
0,1414733697687150
0,1414733697687566
0,1414733697687983
6,1414733697688400
2,1414733697688817
3,1414733697689234
6,1414733697689650
6,1414733697690067
4,1414733697690484
2,1414733697690900
69,1414733697691317
72,1414733697691734
48,1414733697692151
9,1414733697692568
6,1414733697692984
4,1414733697693401
-3,1414733697693818
2,1414733697694234
0,1414733697694651
0,1414733697695068
1,1414733697695485
-5,1414733697695902
2,1414733697696318
4,1414733697696735
4,1414733697697152
4,1414733697697568
5,1414733697697985
2,1414733697698402
-68,1414733697698819
-62,1414733697699236
-43,1414733697699652
-8,1414733697700069
-2,1414733697700486
1,1414733697700902
1,1414733697701319
3,1414733697701736
0,1414733697702153
0,1414733697702570
-2,1414733697702986
6,1414733697703403
1,1414733697703820
3,1414733697704236
4,1414733697704653
2,1414733697705070
4,1414733697705487
4,1414733697705904
81,1414733697706320
57,1414733697706737
40,1414733697707154
11,1414733697707570
4,1414733697707987
3,1414733697708404
6,1414733697708821
0,1414733697709238
3,1414733697709654
2,1414733697710071
3,1414733697710488
6,1414733697710904
8,1414733697711321
4,1414733697711738
1,1414733697712155
6,1414733697712572
4,1414733697712988
3,1414733697713405
-80,1414733697713822
-54,1414733697714238
-38,1414733697714655
-9,1414733697715072
-2,1414733697715489
-5,1414733697715906
2,1414733697716322
-3,1414733697716739
8,1414733697717156
4,1414733697717572
-3,1414733697717989
1,1414733697718406
1,1414733697718823
8,1414733697719240
5,1414733697719656
3,1414733697720073
4,1414733697720490
1,1414733697720906
88,1414733697721323
58,1414733697721740
42,1414733697722157
10,1414733697722574
0,1414733697722990
-1,1414733697723407
0,1414733697723824
8,1414733697724240
4,1414733697724657
0,1414733697725074
0,1414733697725491
1,1414733697725908
1,1414733697726324
-2,1414733697726741
2,1414733697727158
4,1414733697727574
-3,1414733697727991
-6,1414733697728408
-76,1414733697728825
-63,1414733697729242
-30,1414733697729658
-7,1414733697730075
1,1414733697730492
-2,1414733697730908
2,1414733697731325
4,1414733697731742
2,1414733697732159
4,1414733697732576
0,1414733697732992
-2,1414733697733409
1,1414733697733826
1,1414733697734242
3,1414733697734659
4,1414733697735076
4,1414733697735493
9,1414733697735910
80,1414733697736326
68,1414733697736743
31,1414733697737160
11,1414733697737576
-4,1414733697737993
-1,1414733697738410
0,1414733697738827
0,1414733697739244
-1,1414733697739660
2,1414733697740077
4,1414733697740494
3,1414733697740910
5,1414733697741327
5,1414733697741744
2,1414733697742161
2,1414733697742578
-1,1414733697742994
-13,1414733697743411
-76,1414733697743828
-60,1414733697744244
-28,1414733697744661
-7,1414733697745078
3,1414733697745495
4,1414733697745912
3,1414733697746328
4,1414733697746745
4,1414733697747162
1,1414733697747578
4,1414733697747995
3,1414733697748412
3,1414733697748829
5,1414733697749246
5,1414733697749662
8,1414733697750079
4,1414733697750496
28,1414733697750912
78,1414733697751329
60,1414733697751746
24,1414733697752163
8,1414733697752580
4,1414733697752996
-4,1414733697753413
4,1414733697753830
2,1414733697754246
2,1414733697754663
6,1414733697755080
0,1414733697755497
4,1414733697755914
0,1414733697756330
2,1414733697756747
0,1414733697757164
0,1414733697757580
4,1414733697757997
-36,1414733697758414
-83,1414733697758831
-52,1414733697759248
-24,1414733697759664
-9,1414733697866042
7,1414733697866459
2,1414733697866876
-1,1414733697867292
-1,1414733697867709
-1,1414733697868126
0,1414733697868542
-1,1414733697868959
1,1414733697869376
3,1414733697869793
-1,1414733697870210
1,1414733697870626
3,1414733697871043
-1,1414733697871460
31,1414733697871876
82,1414733697872293
59,1414733697872710
16,1414733697873127
7,1414733697873544
-2,1414733697873960
7,1414733697874377
7,1414733697874794
2,1414733697875210
1,1414733697875627
4,1414733697876044
2,1414733697876461
2,1414733697876878
3,1414733697877294
3,1414733697877711
-1,1414733697878128
3,1414733697878544
0,1414733697878961
-49,1414733697879378
-77,1414733697879795
-53,1414733697880212
-17,1414733697880628
0,1414733697881045
3,1414733697881462
3,1414733697881878
-1,1414733697882295
2,1414733697882712
-1,1414733697883129
-4,1414733697883546
1,1414733697883962
7,1414733697884379
7,1414733697884796
0,1414733697885212
3,1414733697885629
-1,1414733697886046
-1,1414733697886463
50,1414733697886880
76,1414733697887296
45,1414733697887713
15,1414733697888130
10,1414733697888546
3,1414733697888963
3,1414733697889380
1,1414733697889797
1,1414733697890214
2,1414733697890630
2,1414733697891047
7,1414733697891464
3,1414733697891880
-3,1414733697892297
0,1414733697892714
2,1414733697893131
4,1414733697893548
-1,1414733697893964
-57,1414733697894381
-64,1414733697894798
-48,1414733697895214
-14,1414733697895631
-4,1414733697896048
-1,1414733697896465
0,1414733697896882
-3,1414733697897298
3,1414733697897715
3,1414733697898132
-2,1414733697898548
-1,1414733697898965
-1,1414733697899382
2,1414733697899799
3,1414733697900216
1,1414733697900632
3,1414733697901049
-2,1414733697901466
64,1414733697901882
60,1414733697902299
47,1414733697902716
8,1414733697903133
7,1414733697903550
-3,1414733697903966
-1,1414733697904383
-3,1414733697904800
1,1414733697905216
4,1414733697905633
2,1414733697906050
3,1414733697906467
7,1414733697906884
4,1414733697907300
1,1414733697907717
7,1414733697908134
0,1414733697908550
7,1414733697908967
-72,1414733697909384
-72,1414733697909801
-41,1414733697910218
-9,1414733697910634
-3,1414733697911051
-2,1414733697911468
5,1414733697911884
-3,1414733697912301
3,1414733697912718
0,1414733697913135
-1,1414733697913552
-4,1414733697913968
2,1414733697914385
0,1414733697914802
-1,1414733697915218
2,1414733697915635
-1,1414733697916052
3,1414733697916469
80,1414733697916886
60,1414733697917302
35,1414733697917719
8,1414733697918136
1,1414733697918552
0,1414733697918969
3,1414733697919386
-2,1414733697919803
3,1414733697920220
5,1414733697920636
4,1414733697921053
3,1414733697921470
3,1414733697921886
7,1414733697922303
3,1414733697922720
4,1414733697923137
3,1414733697923554
-5,1414733697923970
-81,1414733697924387
-47,1414733697924804
-31,1414733697925220
-9,1414733697925637
-4,1414733697926054
0,1414733697926471
-4,1414733697926888
-4,1414733697927304
-2,1414733697927721
-2,1414733697928138
-2,1414733697928554
3,1414733697928971
-4,1414733697929388
1,1414733697929805
0,1414733697930222
1,1414733697930638
2,1414733697931055
32,1414733697931472
87,1414733697931888
55,1414733697932305
26,1414733697932722
15,1414733697933139
1,1414733697933556
0,1414733697933972
3,1414733697934389
3,1414733697934806
3,1414733697935222
-1,1414733697935639
0,1414733697936056
2,1414733697936473
3,1414733697936890
3,1414733697937306
-1,1414733697937723
0,1414733697938140
0,1414733697938556
-46,1414733697938973
-85,1414733697939390
-49,1414733697939807
-17,1414733697940224
-7,1414733697940640
4,1414733697941057
3,1414733697941474
3,1414733697941890
7,1414733697942307
-4,1414733697942724
2,1414733697943141
-1,1414733697943558
0,1414733697943974
7,1414733697944391
3,1414733697944808
0,1414733697945224
3,1414733697945641
2,1414733697946058
48,1414733697946475
74,1414733697946892
51,1414733697947308
15,1414733697947725
3,1414733697948142
-1,1414733697948558
-3,1414733697948975
4,1414733698084290
1,1414733698084707
-1,1414733698085124
3,1414733698085540
3,1414733698085957
2,1414733698086374
0,1414733698086790
0,1414733698087207
-7,1414733698087624
4,1414733698088041
1,1414733698088458
-48,1414733698088874
-88,1414733698089291
-52,1414733698089708
-15,1414733698090124
-3,1414733698090541
1,1414733698090958
0,1414733698091375
-3,1414733698091792
1,1414733698092208
1,1414733698092625
-2,1414733698093042
4,1414733698093458
4,1414733698093875
0,1414733698094292
3,1414733698094709
-2,1414733698095126
-2,1414733698095542
1,1414733698095959
52,1414733698096376
78,1414733698096792
50,1414733698097209
16,1414733698097626
12,1414733698098043
4,1414733698098460
5,1414733698098876
1,1414733698099293
0,1414733698099710
3,1414733698100126
3,1414733698100543
2,1414733698100960
5,1414733698101377
3,1414733698101794
8,1414733698102210
3,1414733698102627
5,1414733698103044
2,1414733698103460
-56,1414733698103877
-79,1414733698104294
-45,1414733698104711
-19,1414733698105128
1,1414733698105544
-3,1414733698105961
-3,1414733698106378
4,1414733698106794
1,1414733698107211
2,1414733698107628
8,1414733698108045
-2,1414733698108462
0,1414733698108878
4,1414733698109295
0,1414733698109712
4,1414733698110128
4,1414733698110545
-1,1414733698110962
60,1414733698111379
65,1414733698111796
53,1414733698112212
17,1414733698112629
11,1414733698113046
0,1414733698113462
0,1414733698113879
4,1414733698114296
5,1414733698114713
0,1414733698115130
4,1414733698115546
3,1414733698115963
-4,1414733698116380
4,1414733698116796
8,1414733698117213
3,1414733698117630
1,1414733698118047
3,1414733698118464
-64,1414733698118880
-79,1414733698119297
-40,1414733698119714
-8,1414733698120130
-4,1414733698120547
2,1414733698120964
1,1414733698121381
0,1414733698121798
0,1414733698122214
8,1414733698122631
4,1414733698123048
-1,1414733698123464
-1,1414733698123881
4,1414733698124298
2,1414733698124715
8,1414733698125132
0,1414733698125548
-1,1414733698125965
63,1414733698126382
72,1414733698126798
44,1414733698127215
16,1414733698127632
8,1414733698128049
0,1414733698128466
3,1414733698128882
4,1414733698129299
-1,1414733698129716
6,1414733698130132
8,1414733698130549
-1,1414733698130966
2,1414733698131383
1,1414733698131800
4,1414733698132216
8,1414733698132633
0,1414733698133050
1,1414733698133466
-72,1414733698133883
-56,1414733698134300
-42,1414733698134717
-8,1414733698135134
1,1414733698135550
-7,1414733698135967
-3,1414733698136384
-3,1414733698136800
2,1414733698137217
4,1414733698137634
1,1414733698138051
1,1414733698138468
-4,1414733698138884
2,1414733698139301
4,1414733698139718
0,1414733698140134
8,1414733698140551
4,1414733698140968
80,1414733698141385
63,1414733698141802
42,1414733698142218
12,1414733698142635
8,1414733698143052
0,1414733698143468
1,1414733698143885
4,1414733698144302
5,1414733698144719
-1,1414733698145136
8,1414733698145552
4,1414733698145969
2,1414733698146386
4,1414733698146802
-2,1414733698147219
5,1414733698147636
4,1414733698148053
-3,1414733698148470
-80,1414733698148886
-52,1414733698149303
-32,1414733698149720
-10,1414733698150136
0,1414733698150553
8,1414733698150970
2,1414733698151387
4,1414733698151804
4,1414733698152220
1,1414733698152637
1,1414733698153054
1,1414733698153470
4,1414733698153887
-3,1414733698154304
-4,1414733698154721
4,1414733698155138
-3,1414733698155554
4,1414733698155971
84,1414733698156388
56,1414733698156804
36,1414733698157221
9,1414733698157638
3,1414733698158055
4,1414733698158472
4,1414733698158888
4,1414733698159305
1,1414733698159722
6,1414733698160138
4,1414733698160555
3,1414733698160972
4,1414733698161389
2,1414733698161806
0,1414733698162222
0,1414733698162639
4,1414733698163056
-12,1414733698163472
-76,1414733698163889
-54,1414733698164306
-33,1414733698164723
-3,1414733698165140
-4,1414733698165556
-1,1414733698165973
5,1414733698166390
0,1414733698166806
-1,1414733698167223
-4,1414733698285606
3,1414733698286023
3,1414733698286440
3,1414733698286856
3,1414733698287273
7,1414733698287690
7,1414733698288106
5,1414733698288523
34,1414733698288940
87,1414733698289357
52,1414733698289774
23,1414733698290190
7,1414733698290607
0,1414733698291024
3,1414733698291440
-4,1414733698291857
1,1414733698292274
3,1414733698292691
0,1414733698293108
-3,1414733698293524
-3,1414733698293941
-5,1414733698294358
7,1414733698294774
3,1414733698295191
-5,1414733698295608
3,1414733698296025
-41,1414733698296442
-85,1414733698296858
-49,1414733698297275
-17,1414733698297692
-2,1414733698298108
5,1414733698298525
-2,1414733698298942
-3,1414733698299359
-1,1414733698299776
1,1414733698300192
5,1414733698300609
-1,1414733698301026
0,1414733698301442
-6,1414733698301859
-1,1414733698302276
0,1414733698302693
-6,1414733698303110
-1,1414733698303526
49,1414733698303943
72,1414733698304360
49,1414733698304776
15,1414733698305193
5,1414733698305610
-1,1414733698306027
0,1414733698306444
-1,1414733698306860
-4,1414733698307277
-6,1414733698307694
0,1414733698308110
3,1414733698308527
0,1414733698308944
-9,1414733698309361
-3,1414733698309778
-4,1414733698310194
-5,1414733698310611
-1,1414733698311028
-61,1414733698311444
-81,1414733698311861
-43,1414733698312278
-13,1414733698312695
0,1414733698313112
3,1414733698313528
-1,1414733698313945
-1,1414733698314362
7,1414733698314778
1,1414733698315195
9,1414733698315612
0,1414733698316029
-4,1414733698316446
4,1414733698316862
-5,1414733698317279
3,1414733698317696
9,1414733698318112
-1,1414733698318529
71,1414733698318946
67,1414733698319363
40,1414733698319780
11,1414733698320196
3,1414733698320613
-8,1414733698321030
-1,1414733698321446
0,1414733698321863
-1,1414733698322280
4,1414733698322697
7,1414733698323114
-1,1414733698323530
3,1414733698323947
3,1414733698324364
0,1414733698324780
3,1414733698325197
-1,1414733698325614
0,1414733698326031
-81,1414733698326448
-57,1414733698326864
-44,1414733698327281
-12,1414733698327698
-3,1414733698328114
-3,1414733698328531
-4,1414733698328948
4,1414733698329365
-1,1414733698329782
-2,1414733698330198
-1,1414733698330615
-3,1414733698331032
3,1414733698331448
0,1414733698331865
-1,1414733698332282
0,1414733698332699
-1,1414733698333116
-2,1414733698333532
83,1414733698333949
57,1414733698334366
33,1414733698334782
7,1414733698335199
-5,1414733698335616
5,1414733698336033
1,1414733698336450
-3,1414733698336866
1,1414733698337283
3,1414733698337700
0,1414733698338116
3,1414733698338533
-2,1414733698338950
3,1414733698339367
3,1414733698339784
-2,1414733698340200
-5,1414733698340617
-3,1414733698341034
-85,1414733698341450
-52,1414733698341867
-29,1414733698342284
-6,1414733698342701
-2,1414733698343118
3,1414733698343534
-4,1414733698343951
-2,1414733698344368
0,1414733698344784
3,1414733698345201
0,1414733698345618
1,1414733698346035
4,1414733698346452
0,1414733698346868
0,1414733698347285
-2,1414733698347702
-1,1414733698348118
15,1414733698348535
87,1414733698348952
52,1414733698349369
22,1414733698349786
11,1414733698350202
-3,1414733698350619
-4,1414733698351036
1,1414733698351452
-1,1414733698351869
0,1414733698352286
3,1414733698352703
7,1414733698353120
2,1414733698353536
3,1414733698353953
3,1414733698354370
-4,1414733698354786
-3,1414733698355203
0,1414733698355620
-27,1414733698356037
-81,1414733698356454
-48,1414733698356870
-21,1414733698357287
-8,1414733698357704
2,1414733698358120
0,1414733698358537
4,1414733698358954
3,1414733698359371
-1,1414733698359788
3,1414733698360204
-2,1414733698360621
3,1414733698361038
3,1414733698361454
2,1414733698361871
4,1414733698362288
0,1414733698362705
3,1414733698363122
39,1414733698363538
81,1414733698363955
59,1414733698364372
15,1414733698364788
7,1414733698365205
3,1414733698365622
-2,1414733698366039
-2,1414733698366456
0,1414733698366872
0,1414733698367289
-4,1414733698367706
5,1414733698368122
7,1414733698368539
-1,1414733752507002
2,1414733752507419
-2,1414733752507836
0,1414733752508252
4,1414733752508669
-1,1414733752509086
0,1414733752509502
6,1414733752509919
26,1414733752510336
86,1414733752510753
55,1414733752511170
22,1414733752511586
15,1414733752512003
0,1414733752512420
-1,1414733752512836
0,1414733752513253
0,1414733752513670
7,1414733752514087
2,1414733752514504
0,1414733752514920
0,1414733752515337
0,1414733752515754
2,1414733752516170
1,1414733752516587
-1,1414733752517004
0,1414733752517421
-24,1414733752517838
-80,1414733752518254
-56,1414733752518671
-22,1414733752519088
-8,1414733752519504
2,1414733752519921
-1,1414733752520338
0,1414733752520755
-1,1414733752521172
-2,1414733752521588
1,1414733752522005
0,1414733752522422
-5,1414733752522838
0,1414733752523255
-2,1414733752523672
6,1414733752524089
2,1414733752524506
-1,1414733752524922
27,1414733752525339
80,1414733752525756
48,1414733752526172
18,1414733752526589
14,1414733752527006
0,1414733752527423
0,1414733752527840
-2,1414733752528256
-1,1414733752528673
0,1414733752529090
-2,1414733752529506
4,1414733752529923
6,1414733752530340
2,1414733752530757
1,1414733752531174
2,1414733752531590
-4,1414733752532007
-2,1414733752532424
-33,1414733752532840
-82,1414733752533257
-56,1414733752533674
-22,1414733752534091
-4,1414733752534508
-2,1414733752534924
0,1414733752535341
-2,1414733752535758
6,1414733752536174
0,1414733752536591
-2,1414733752537008
0,1414733752537425
-2,1414733752537842
0,1414733752538258
3,1414733752538675
0,1414733752539092
0,1414733752539508
0,1414733752539925
38,1414733752540342
91,1414733752540759
50,1414733752541176
15,1414733752541592
7,1414733752542009
-2,1414733752542426
6,1414733752542842
2,1414733752543259
1,1414733752543676
2,1414733752544093
4,1414733752544510
0,1414733752544926
6,1414733752545343
1,1414733752545760
-1,1414733752546176
1,1414733752546593
2,1414733752547010
0,1414733752547427
-39,1414733752547844
-77,1414733752548260
-49,1414733752548677
-21,1414733752549094
-6,1414733752549510
-3,1414733752549927
-2,1414733752550344
4,1414733752550761
1,1414733752551178
-2,1414733752551594
3,1414733752552011
-1,1414733752552428
-2,1414733752552844
-2,1414733752553261
2,1414733752553678
6,1414733752554095
-5,1414733752554512
0,1414733752554928
39,1414733752555345
83,1414733752555762
45,1414733752556178
15,1414733752556595
8,1414733752557012
2,1414733752557429
-1,1414733752557846
0,1414733752558262
0,1414733752558679
3,1414733752559096
2,1414733752559512
3,1414733752559929
6,1414733752560346
-2,1414733752560763
0,1414733752561180
6,1414733752561596
0,1414733752562013
3,1414733752562430
-42,1414733752562846
-82,1414733752563263
-48,1414733752563680
-18,1414733752564097
-7,1414733752564514
4,1414733752564930
2,1414733752565347
-2,1414733752565764
0,1414733752566180
-2,1414733752566597
6,1414733752567014
-1,1414733752567431
-1,1414733752567848
-1,1414733752568264
6,1414733752568681
2,1414733752569098
3,1414733752569514
0,1414733752569931
48,1414733752570348
79,1414733752570765
48,1414733752571182
15,1414733752571598
14,1414733752572015
0,1414733752572432
0,1414733752572848
4,1414733752573265
2,1414733752573682
4,1414733752574099
4,1414733752574516
2,1414733752574932
0,1414733752575349
5,1414733752575766
2,1414733752576182
0,1414733752576599
0,1414733752577016
-4,1414733752577433
-46,1414733752577850
-85,1414733752578266
-50,1414733752578683
-18,1414733752579100
-7,1414733752579516
2,1414733752579933
6,1414733752580350
-6,1414733752580767
1,1414733752581184
-2,1414733752581600
0,1414733752582017
-4,1414733752582434
2,1414733752582850
-2,1414733752583267
0,1414733752583684
2,1414733752584101
2,1414733752584518
-6,1414733752584934
50,1414733752585351
71,1414733752585768
54,1414733752586184
14,1414733752586601
9,1414733752587018
-5,1414733752587435
2,1414733752587852
1,1414733752588268
0,1414733752588685
2,1414733752589102
-1,1414733752589518
3,1414733752589935
